Customer ID,Gender,Age,Married,Number of Dependents,City,Zip Code,Latitude,Longitude,Number of Referrals,Tenure in Months,Phone Service,Avg Monthly Long Distance Charges,Multiple Lines,Internet Service,Avg Monthly GB Download,Online Security,Online Backup,Device Protection Plan,Premium Tech Support,Streaming TV,Streaming Movies,Streaming Music,Unlimited Data,Paperless Billing,Monthly Charge,Total Charges,Total Refunds,Total Extra Data Charges,Total Long Distance Charges,Total Revenue,Offer_Offer A,Offer_Offer B,Offer_Offer C,Offer_Offer D,Offer_Offer E,Internet Type_Cable,Internet Type_DSL,Internet Type_Fiber Optic,Contract_Month-to-Month,Contract_One Year,Contract_Two Year,Payment Method_Bank Withdrawal,Payment Method_Credit Card,Payment Method_Mailed Check,Customer Status_Churned,Customer Status_Joined,Customer Status_Stayed
0,0,37,1,0,101,93225,34.827662,-118.999073,2,9,1,42.39,0.0,1,16.0,0.0,1.0,0.0,1.0,1.0,0.0,0.0,1.0,1,65.6,593.3,0.0,0,381.51,974.81,0,0,0,0,0,1,0,0,0,1,0,0,1,0,0,0,1
1,1,50,0,0,58,92627,33.645672,-117.922613,0,4,1,33.65,0.0,1,30.0,0.0,0.0,1.0,0.0,0.0,0.0,0.0,1.0,1,73.9,280.85,0.0,0,134.6,415.45,0,0,0,0,1,0,0,1,1,0,0,1,0,0,1,0,0
2,1,78,1,0,171,94553,38.014457,-122.115432,1,13,1,27.82,0.0,1,4.0,0.0,1.0,1.0,0.0,1.0,1.0,0.0,1.0,1,98.0,1237.85,0.0,0,361.66,1599.51,0,0,0,1,0,0,0,1,1,0,0,1,0,0,1,0,0
3,0,75,1,0,36,93010,34.227846,-119.079903,3,3,1,7.38,0.0,1,11.0,0.0,0.0,0.0,1.0,1.0,0.0,0.0,1.0,1,83.9,267.4,0.0,0,22.14,289.54,0,0,0,0,0,0,0,1,1,0,0,0,1,0,1,0,0
4,0,23,0,3,179,95345,37.581496,-119.972762,0,9,1,16.77,0.0,1,73.0,0.0,0.0,0.0,1.0,1.0,1.0,1.0,1.0,1,69.4,571.45,0.0,0,150.93,722.38,0,0,0,0,1,1,0,0,1,0,0,0,1,0,0,0,1
5,0,67,1,0,159,93437,34.757477,-120.550507,1,71,1,9.96,0.0,1,14.0,1.0,1.0,1.0,1.0,1.0,1.0,1.0,1.0,1,109.7,7904.25,0.0,0,707.16,8611.41,1,0,0,0,0,0,0,1,0,0,1,1,0,0,0,0,1
6,1,52,1,0,196,94558,38.489789,-122.27011,8,63,1,12.96,1.0,1,7.0,1.0,0.0,0.0,1.0,0.0,0.0,0.0,0.0,1,84.65,5377.8,0.0,20,816.48,6214.28,0,1,0,0,0,0,0,1,0,0,1,0,1,0,0,0,1
7,0,68,0,0,280,93063,34.296813,-118.685703,0,7,1,10.53,0.0,1,21.0,1.0,0.0,0.0,0.0,0.0,0.0,0.0,1.0,1,48.2,340.35,0.0,0,73.71,414.06,0,0,0,0,1,0,1,0,0,0,1,1,0,0,0,0,1
8,0,43,1,1,279,95681,38.984756,-121.345074,3,65,1,28.46,1.0,1,14.0,1.0,1.0,1.0,1.0,1.0,1.0,1.0,1.0,1,90.45,5957.9,0.0,0,1849.9,7807.8,0,0,0,0,0,1,0,0,0,0,1,0,1,0,0,0,1
9,1,47,0,0,239,92091,32.99356,-117.207121,0,54,0,0.0,0.0,1,10.0,1.0,0.0,0.0,1.0,1.0,0.0,0.0,1.0,0,45.2,2460.55,0.0,0,0.0,2460.55,0,0,0,0,0,1,0,0,0,0,1,0,1,0,0,0,1
10,0,25,1,2,295,94086,37.378541,-122.020456,2,72,1,16.01,1.0,1,59.0,1.0,1.0,1.0,1.0,1.0,1.0,1.0,1.0,1,116.8,8456.75,0.0,0,1152.72,9609.47,0,0,0,0,0,0,0,1,0,0,1,0,1,0,0,0,1
11,0,58,1,0,8,95843,38.715498,-121.363411,0,5,1,18.65,0.0,1,10.0,0.0,0.0,0.0,0.0,0.0,0.0,0.0,1.0,1,68.95,351.5,0.0,0,93.25,444.75,0,0,0,0,0,0,0,1,1,0,0,1,0,0,0,0,1
12,0,32,0,0,144,91942,32.782501,-117.01611,0,72,1,2.25,1.0,1,16.0,1.0,1.0,1.0,0.0,1.0,0.0,0.0,1.0,1,101.3,7261.25,0.0,0,162.0,7423.25,1,0,0,0,0,0,0,1,0,0,1,1,0,0,0,0,1
13,0,39,0,0,164,93441,34.70434,-120.02609,0,56,0,0.0,0.0,1,19.0,1.0,1.0,1.0,1.0,0.0,0.0,0.0,1.0,0,45.05,2560.1,0.0,0,0.0,2560.1,0,0,0,0,0,0,1,0,0,0,1,1,0,0,0,0,1
14,0,58,1,2,324,93286,36.464635,-119.094348,9,71,1,27.26,1.0,1,12.0,0.0,1.0,1.0,0.0,0.0,1.0,1.0,1.0,1,95.75,6849.4,0.0,0,1935.46,8784.86,1,0,0,0,0,0,0,1,0,0,1,0,1,0,0,0,1
15,0,52,1,1,234,94956,38.060264,-122.830646,0,34,0,0.0,0.0,1,20.0,1.0,0.0,1.0,1.0,1.0,1.0,1.0,1.0,0,61.25,1993.2,0.0,0,0.0,1993.2,0,0,0,0,0,0,1,0,0,1,0,0,1,0,0,0,1
16,0,72,0,0,262,92078,33.119028,-117.166036,0,1,1,7.77,1.0,1,22.0,0.0,0.0,0.0,0.0,0.0,0.0,0.0,1.0,1,72.1,72.1,0.0,0,7.77,79.87,0,0,0,0,1,0,0,1,0,1,0,1,0,0,0,1,0
17,1,79,0,0,62,94015,37.680844,-122.48131,0,45,1,10.67,0.0,1,17.0,1.0,0.0,1.0,0.0,0.0,1.0,0.0,1.0,0,62.7,2791.5,0.0,0,480.15,3271.65,0,0,0,0,0,0,1,0,0,1,0,0,1,0,1,0,0
18,1,67,0,0,191,95037,37.161544,-121.649371,0,1,0,0.0,0.0,1,9.0,0.0,0.0,0.0,0.0,0.0,0.0,0.0,1.0,1,25.1,25.1,0.0,0,0.0,25.1,0,0,0,0,0,1,0,0,1,0,0,1,0,0,1,0,0
19,0,79,1,0,1,93601,37.375816,-119.739935,0,50,1,31.43,1.0,0,0.0,0.0,0.0,0.0,0.0,0.0,0.0,0.0,0.0,0,25.2,1306.3,0.0,0,1571.5,2877.8,0,0,0,0,0,0,0,0,0,1,0,1,0,0,0,0,1
20,0,26,1,0,41,96140,39.227434,-120.091806,1,13,1,43.56,1.0,1,52.0,0.0,1.0,1.0,0.0,1.0,0.0,0.0,1.0,0,94.1,1215.6,0.0,0,566.28,1781.88,0,0,0,0,0,0,0,1,1,0,0,1,0,0,1,0,0
21,0,30,1,2,4,93201,35.869626,-119.498771,1,23,1,34.91,1.0,1,30.0,0.0,0.0,0.0,0.0,1.0,0.0,0.0,1.0,1,83.75,1849.95,0.0,0,802.93,2652.88,0,0,0,1,0,0,0,1,1,0,0,1,0,0,0,0,1
22,0,22,0,0,138,93530,36.560498,-117.962461,0,3,1,3.12,0.0,0,0.0,0.0,0.0,0.0,0.0,0.0,0.0,0.0,0.0,0,19.85,57.2,0.0,0,9.36,66.56,0,0,0,0,0,0,0,0,1,0,0,0,1,0,0,1,0
23,0,34,1,0,142,95550,40.7666,-123.80458,0,4,1,12.43,0.0,0,0.0,0.0,0.0,0.0,0.0,0.0,0.0,0.0,0.0,0,20.35,76.35,0.0,0,49.72,126.07,0,0,0,0,1,0,0,0,1,0,0,0,1,0,1,0,0
24,0,37,1,1,219,92060,33.309852,-116.823091,1,1,0,0.0,0.0,1,19.0,1.0,0.0,0.0,0.0,0.0,0.0,0.0,1.0,0,30.5,30.5,0.0,0,0.0,30.5,0,0,0,0,0,0,1,0,1,0,0,1,0,0,1,0,0
25,0,37,1,3,221,93648,36.622237,-119.521126,10,55,1,35.04,0.0,1,57.0,0.0,1.0,1.0,1.0,1.0,1.0,1.0,0.0,1,103.7,5656.75,0.0,20,1927.2,7603.95,0,0,0,0,0,0,0,1,0,1,0,1,0,0,0,0,1
26,1,42,1,3,183,95358,37.612612,-121.108568,3,54,1,19.7,0.0,0,0.0,0.0,0.0,0.0,0.0,0.0,0.0,0.0,0.0,0,20.4,1090.6,0.0,0,1063.8,2154.4,0,0,0,0,0,0,0,0,0,0,1,0,1,0,0,0,1
27,1,64,0,0,109,95442,38.368744,-122.522642,0,26,1,37.7,0.0,0,0.0,0.0,0.0,0.0,0.0,0.0,0.0,0.0,0.0,1,19.6,471.85,21.25,0,980.2,1430.8,0,0,1,0,0,0,0,0,0,1,0,1,0,0,0,0,1
28,0,47,1,3,88,95503,40.737431,-124.108897,5,69,1,38.39,0.0,0,0.0,0.0,0.0,0.0,0.0,0.0,0.0,0.0,0.0,0,19.7,1396.9,0.0,0,2648.91,4045.81,0,0,0,0,0,0,0,0,0,0,1,1,0,0,0,0,1
29,1,23,1,3,193,94038,37.515556,-122.502311,1,37,1,43.01,0.0,1,51.0,0.0,0.0,0.0,0.0,1.0,1.0,1.0,1.0,0,91.2,3247.55,0.0,0,1591.37,4838.92,0,0,1,0,0,0,0,1,0,1,0,0,1,0,0,0,1
30,0,48,1,0,162,90058,34.001617,-118.222274,5,49,1,49.58,0.0,0,0.0,0.0,0.0,0.0,0.0,0.0,0.0,0.0,0.0,0,20.45,900.9,0.0,0,2429.42,3330.32,0,1,0,0,0,0,0,0,0,1,0,1,0,0,0,0,1
31,1,28,1,0,162,90063,34.044271,-118.185237,9,66,1,43.77,1.0,1,41.0,1.0,1.0,1.0,1.0,1.0,1.0,1.0,1.0,0,-2.0,7942.15,0.0,0,2888.82,10830.97,0,0,0,0,0,0,0,1,0,1,0,1,0,0,0,0,1
32,1,33,1,1,241,96003,40.677649,-122.29467,4,20,0,0.0,0.0,1,22.0,1.0,0.0,1.0,1.0,0.0,0.0,0.0,1.0,1,39.4,825.4,0.0,0,0.0,825.4,0,0,0,0,0,1,0,0,0,0,1,0,1,0,0,0,1
33,0,31,0,3,263,95046,37.084697,-121.606417,0,43,1,30.64,1.0,0,0.0,0.0,0.0,0.0,0.0,0.0,0.0,0.0,0.0,1,25.1,1070.15,0.0,0,1317.52,2387.67,0,0,0,0,0,0,0,0,0,0,1,1,0,0,0,0,1
34,0,37,1,0,292,95209,38.044523,-121.348048,2,55,1,5.08,1.0,1,9.0,1.0,0.0,0.0,0.0,1.0,0.0,0.0,1.0,1,89.8,4959.6,0.0,0,279.4,5239.0,0,1,0,0,0,0,0,1,1,0,0,1,0,0,0,0,1
35,0,60,1,0,162,90003,33.964131,-118.272783,4,59,1,16.39,1.0,1,14.0,1.0,1.0,0.0,0.0,1.0,0.0,0.0,1.0,1,94.75,5597.65,0.0,0,967.01,6564.66,0,1,0,0,0,0,0,1,1,0,0,1,0,0,0,0,1
36,0,48,1,3,128,90255,33.97803,-118.217141,3,12,1,19.28,0.0,0,0.0,0.0,0.0,0.0,0.0,0.0,0.0,0.0,0.0,0,20.3,224.5,0.0,0,231.36,455.86,0,0,0,0,0,0,0,0,0,0,1,1,0,0,0,0,1
37,1,60,1,3,326,92398,35.013299,-116.834092,7,27,1,25.26,1.0,1,23.0,0.0,0.0,0.0,0.0,0.0,0.0,0.0,1.0,1,75.75,1929.0,0.0,0,682.02,2611.02,0,0,1,0,0,0,0,1,1,0,0,1,0,0,0,0,1
38,1,69,0,0,256,92129,32.961064,-117.134917,0,2,1,43.99,0.0,1,27.0,1.0,0.0,0.0,0.0,0.0,0.0,0.0,1.0,1,49.25,91.1,0.0,0,87.98,179.08,0,0,0,0,0,0,1,0,1,0,0,1,0,0,1,0,0
39,0,20,0,0,102,94539,37.516791,-121.899117,0,27,1,48.91,0.0,1,59.0,0.0,1.0,1.0,1.0,1.0,1.0,1.0,1.0,0,78.2,2078.95,0.0,0,1320.57,3399.52,0,0,1,0,0,0,1,0,0,1,0,0,1,0,0,0,1
40,1,57,0,1,301,91042,34.296574,-118.244839,0,29,0,0.0,0.0,1,21.0,1.0,1.0,1.0,1.0,0.0,0.0,0.0,1.0,1,45.0,1242.45,12.26,0,0.0,1230.19,0,0,0,0,0,0,1,0,1,0,0,0,1,0,0,0,1
41,1,19,1,0,311,93291,36.391777,-119.372842,5,72,1,32.36,1.0,1,52.0,0.0,1.0,1.0,1.0,1.0,1.0,1.0,1.0,1,85.15,6316.2,0.0,0,2329.92,8646.12,0,0,0,0,0,0,1,0,0,0,1,1,0,0,0,0,1
42,0,64,0,0,156,95240,38.123544,-121.159078,0,14,1,24.04,0.0,1,12.0,0.0,1.0,0.0,0.0,0.0,0.0,0.0,1.0,0,51.45,727.85,0.0,0,336.56,1064.41,0,0,0,0,0,1,0,0,0,1,0,0,1,0,0,0,1
43,0,38,0,0,80,95318,37.654551,-119.822984,0,35,1,36.42,0.0,1,2.0,0.0,0.0,1.0,1.0,1.0,1.0,1.0,1.0,1,99.25,3532.0,0.0,0,1274.7,4806.7,0,0,1,0,0,0,0,1,0,1,0,1,0,0,0,0,1
44,1,54,0,0,34,94515,38.629618,-122.593216,0,1,1,42.95,0.0,1,9.0,0.0,0.0,0.0,0.0,0.0,0.0,0.0,1.0,1,44.3,44.3,0.0,0,42.95,87.25,0,0,0,0,1,0,1,0,1,0,0,0,1,0,0,1,0
45,1,50,0,0,92,95230,37.956963,-120.863055,0,29,1,2.05,0.0,1,17.0,0.0,0.0,0.0,1.0,1.0,1.0,1.0,0.0,1,94.2,2607.6,0.0,20,59.45,2687.05,0,0,0,0,0,0,0,1,1,0,0,1,0,0,0,0,1
46,1,25,0,0,303,96134,41.813521,-121.492666,0,64,1,5.49,1.0,1,69.0,1.0,1.0,1.0,1.0,1.0,0.0,0.0,0.0,0,81.25,5567.55,0.0,40,351.36,5958.91,0,0,0,0,0,0,1,0,0,1,0,1,0,0,0,0,1
47,0,35,1,3,54,96107,38.42528,-119.475741,1,39,1,24.38,1.0,1,53.0,0.0,0.0,0.0,1.0,1.0,1.0,1.0,1.0,1,99.95,3767.4,0.0,0,950.82,4718.22,0,0,0,0,0,0,0,1,1,0,0,0,1,0,0,0,1
48,0,72,0,0,208,93023,34.581308,-118.931948,0,40,1,44.14,0.0,1,23.0,0.0,0.0,0.0,0.0,1.0,1.0,0.0,1.0,1,91.55,3673.6,0.0,0,1765.6,5439.2,0,0,0,0,0,0,0,1,0,0,1,1,0,0,0,0,1
49,1,51,0,0,69,92241,33.832799,-116.250973,0,40,1,37.69,1.0,1,15.0,0.0,1.0,1.0,0.0,1.0,1.0,1.0,1.0,1,104.5,4036.85,0.0,0,1507.6,5544.45,0,0,0,0,0,0,0,1,1,0,0,0,1,0,1,0,0
50,1,58,0,0,273,95404,38.526941,-122.709096,0,30,1,2.64,1.0,1,15.0,1.0,0.0,0.0,0.0,0.0,1.0,1.0,1.0,1,64.5,1888.45,0.0,0,79.2,1967.65,0,0,0,0,0,0,1,0,1,0,0,0,0,1,0,0,1
51,1,26,0,0,259,95131,37.387027,-121.897775,0,27,1,20.66,0.0,0,0.0,0.0,0.0,0.0,0.0,0.0,0.0,0.0,0.0,1,19.4,529.8,0.0,0,557.82,1087.62,0,0,0,0,0,0,0,0,1,0,0,1,0,0,0,0,1
52,1,66,1,0,321,90744,33.782068,-118.262263,3,70,1,39.49,1.0,1,28.0,0.0,1.0,1.0,0.0,1.0,1.0,0.0,1.0,1,104.8,7308.95,6.11,0,2764.3,10067.14,0,0,0,0,0,0,0,1,0,1,0,1,0,0,0,0,1
53,0,20,1,0,183,95357,37.670526,-120.877572,10,57,1,8.01,1.0,1,73.0,0.0,1.0,1.0,1.0,1.0,1.0,1.0,1.0,1,109.4,6252.7,0.0,0,456.57,6709.27,0,1,0,0,0,0,0,1,0,1,0,1,0,0,0,0,1
54,1,61,1,0,256,92113,32.697098,-117.116587,10,58,1,18.37,0.0,1,18.0,0.0,0.0,1.0,0.0,0.0,0.0,0.0,1.0,0,50.3,2878.55,10.23,0,1065.46,3933.78,0,0,0,0,0,0,1,0,0,1,0,0,1,0,0,0,1
55,1,24,0,0,238,90275,33.753146,-118.367459,0,16,1,25.71,1.0,1,48.0,0.0,1.0,1.0,0.0,0.0,1.0,1.0,1.0,1,71.4,1212.1,0.0,0,411.36,1623.46,0,0,0,0,0,0,1,0,1,0,0,1,0,0,0,0,1
56,0,55,1,0,140,95452,38.419525,-122.521585,3,69,1,38.52,1.0,1,27.0,1.0,1.0,1.0,1.0,1.0,1.0,1.0,1.0,1,116.0,8182.85,0.0,0,2657.88,10840.73,1,0,0,0,0,0,0,1,0,0,1,1,0,0,0,0,1
57,1,32,0,0,315,95255,38.41935,-120.469545,0,1,1,31.77,0.0,0,0.0,0.0,0.0,0.0,0.0,0.0,0.0,0.0,0.0,1,19.85,19.85,0.0,0,31.77,51.62,0,0,0,0,1,0,0,0,1,0,0,1,0,0,1,0,0
58,1,59,0,0,162,90062,34.003553,-118.308933,0,1,1,40.71,1.0,1,25.0,0.0,0.0,1.0,0.0,1.0,1.0,1.0,1.0,1,99.75,99.75,0.0,0,40.71,140.46,0,0,0,0,0,0,0,1,1,0,0,1,0,0,1,0,0
59,1,71,1,1,192,92256,34.097863,-116.594561,9,32,1,31.86,0.0,1,23.0,0.0,1.0,0.0,0.0,1.0,1.0,1.0,1.0,1,93.95,2861.45,0.0,0,1019.52,3880.97,0,0,1,0,0,0,0,1,0,1,0,0,0,1,0,0,1
60,1,49,1,2,218,92266,33.3249,-114.758334,8,16,1,48.71,1.0,1,12.0,0.0,0.0,1.0,0.0,1.0,0.0,0.0,1.0,1,90.8,1442.2,0.0,0,779.36,2221.56,0,0,0,1,0,0,0,1,1,0,0,1,0,0,0,0,1
61,1,61,1,0,307,93563,34.39583,-117.734568,1,49,1,39.55,1.0,1,10.0,1.0,0.0,1.0,1.0,1.0,1.0,1.0,1.0,0,84.35,4059.35,0.0,0,1937.95,5997.3,0,1,0,0,0,1,0,0,0,1,0,1,0,0,1,0,0
62,0,40,1,0,37,93428,35.591387,-121.032256,2,71,0,0.0,0.0,1,29.0,0.0,1.0,1.0,1.0,1.0,1.0,1.0,1.0,0,58.25,4145.9,0.0,0,0.0,4145.9,1,0,0,0,0,1,0,0,0,0,1,1,0,0,0,0,1
63,0,39,0,0,249,96084,40.923558,-122.059933,0,33,1,49.69,1.0,1,12.0,0.0,1.0,1.0,0.0,1.0,1.0,1.0,1.0,0,107.55,3645.5,0.0,0,1639.77,5285.27,0,0,0,0,0,0,0,1,1,0,0,1,0,0,0,0,1
64,0,21,1,0,141,95548,41.572813,-124.035011,9,10,1,49.6,0.0,0,0.0,0.0,0.0,0.0,0.0,0.0,0.0,0.0,0.0,1,19.95,187.75,0.0,0,496.0,683.75,0,0,0,1,0,0,0,0,1,0,0,1,0,0,0,0,1
65,1,52,1,1,7,94508,38.542448,-122.419923,1,37,0,0.0,0.0,1,23.0,1.0,1.0,1.0,0.0,0.0,0.0,0.0,1.0,0,40.2,1448.8,0.0,0,0.0,1448.8,0,0,0,0,0,0,1,0,1,0,0,1,0,0,1,0,0
66,0,71,0,0,152,95333,37.249377,-120.249581,0,26,1,33.74,0.0,1,7.0,1.0,0.0,0.0,0.0,1.0,0.0,0.0,1.0,1,85.8,2193.65,0.0,0,877.24,3070.89,0,0,0,0,0,0,0,1,1,0,0,0,1,0,0,0,1
67,1,45,0,0,242,95560,40.142256,-123.852927,0,50,0,0.0,0.0,1,7.0,1.0,0.0,0.0,1.0,0.0,0.0,0.0,1.0,1,35.4,1748.9,0.0,0,0.0,1748.9,0,1,0,0,0,0,1,0,0,1,0,0,1,0,0,0,1
68,0,29,0,0,256,92122,32.85723,-117.209774,0,7,1,28.62,1.0,1,26.0,0.0,0.0,0.0,0.0,0.0,0.0,1.0,1.0,1,73.85,511.25,13.03,0,200.34,698.56,0,0,0,0,0,0,0,1,1,0,0,1,0,0,1,0,0
69,0,62,1,0,187,91755,34.049172,-118.115022,1,61,1,47.19,1.0,1,28.0,1.0,1.0,1.0,1.0,1.0,1.0,1.0,1.0,0,88.1,5526.75,0.0,0,2878.59,8405.34,0,1,0,0,0,0,1,0,0,0,1,0,0,1,0,0,1
70,1,42,0,0,23,95305,37.818589,-120.256995,0,15,1,45.92,0.0,1,12.0,0.0,0.0,1.0,1.0,1.0,1.0,1.0,1.0,1,101.35,1553.95,0.0,0,688.8,2242.75,0,0,0,1,0,0,0,1,1,0,0,1,0,0,1,0,0
71,0,51,0,2,291,91381,34.364153,-118.615583,0,26,0,0.0,0.0,1,19.0,1.0,0.0,0.0,1.0,0.0,1.0,1.0,1.0,0,45.8,1147.0,0.0,0,0.0,1147.0,0,0,0,0,0,0,1,0,1,0,0,0,1,0,0,0,1
72,1,39,1,0,201,95660,38.671295,-121.388251,9,72,1,33.22,0.0,1,23.0,0.0,0.0,1.0,0.0,1.0,1.0,1.0,1.0,1,94.65,6747.35,0.0,0,2391.84,9139.19,0,0,0,0,0,0,0,1,1,0,0,1,0,0,0,0,1
73,1,64,1,0,146,91746,34.038983,-117.991372,1,44,1,27.4,0.0,0,0.0,0.0,0.0,0.0,0.0,0.0,0.0,0.0,0.0,1,20.5,865.05,0.0,0,1205.6,2070.65,0,0,0,0,0,0,0,0,0,1,0,1,0,0,0,0,1
74,0,40,0,0,3,91803,34.074736,-118.145959,0,2,1,36.81,0.0,1,16.0,1.0,1.0,0.0,1.0,0.0,0.0,0.0,1.0,1,86.25,181.65,0.0,0,73.62,255.27,0,0,0,0,0,0,0,1,1,0,0,1,0,0,1,0,0
75,0,76,0,0,272,90403,34.031529,-118.491156,0,44,1,7.72,0.0,1,17.0,0.0,0.0,1.0,1.0,1.0,1.0,1.0,1.0,0,74.85,3268.05,17.91,0,339.68,3589.82,0,0,0,0,0,0,1,0,0,1,0,1,0,0,0,0,1
76,0,57,0,0,156,95240,38.123544,-121.159078,0,12,1,14.38,1.0,1,6.0,0.0,1.0,0.0,0.0,1.0,0.0,0.0,1.0,1,89.75,1052.4,0.0,0,172.56,1224.96,0,0,0,1,0,0,0,1,1,0,0,1,0,0,1,0,0
77,1,71,1,0,162,90001,33.973616,-118.24902,1,69,1,18.41,1.0,1,17.0,0.0,1.0,1.0,1.0,1.0,1.0,0.0,1.0,1,109.95,7634.25,0.0,0,1270.29,8904.54,0,0,0,0,0,0,0,1,0,0,1,1,0,0,0,0,1
78,0,25,0,0,90,94533,38.287136,-122.02711,0,1,1,1.23,1.0,1,69.0,0.0,1.0,0.0,0.0,0.0,0.0,0.0,1.0,1,80.2,80.2,0.0,0,1.23,81.43,0,0,0,0,1,0,0,1,1,0,0,0,0,1,1,0,0
79,0,24,0,0,292,95204,37.974498,-121.319568,0,3,1,25.75,0.0,0,0.0,0.0,0.0,0.0,0.0,0.0,0.0,0.0,0.0,0,19.85,63.75,0.0,0,77.25,141.0,0,0,0,0,1,0,0,0,1,0,0,0,1,0,1,0,0
80,0,19,1,0,297,92592,33.507255,-117.029473,10,2,1,4.65,0.0,1,53.0,1.0,1.0,0.0,0.0,1.0,0.0,0.0,1.0,0,90.35,190.5,0.0,0,9.3,199.8,0,0,0,0,0,0,0,1,1,0,0,1,0,0,0,1,0
81,0,77,0,0,91,92028,33.362575,-117.299644,0,27,1,2.97,1.0,1,4.0,0.0,1.0,1.0,0.0,0.0,0.0,0.0,1.0,1,86.45,2401.05,0.0,0,80.19,2481.24,0,0,0,0,0,0,0,1,0,0,1,1,0,0,0,0,1
82,1,57,0,0,240,93554,35.405722,-117.773354,0,26,1,13.34,0.0,0,0.0,0.0,0.0,0.0,0.0,0.0,0.0,0.0,0.0,1,20.3,511.25,0.0,0,346.84,858.09,0,0,1,0,0,0,0,0,1,0,0,1,0,0,0,0,1
83,0,73,1,0,12,93422,35.453912,-120.69461,9,39,1,20.15,1.0,1,21.0,0.0,0.0,0.0,1.0,1.0,1.0,1.0,1.0,1,101.25,3949.15,0.0,0,785.85,4735.0,0,0,0,0,0,0,0,1,1,0,0,1,0,0,0,0,1
84,1,41,0,0,232,95365,37.329725,-120.306399,0,25,1,34.88,1.0,1,8.0,0.0,0.0,0.0,0.0,1.0,1.0,1.0,1.0,1,94.7,2362.1,0.0,0,872.0,3234.1,0,0,0,0,0,0,0,1,1,0,0,1,0,0,1,0,0
85,0,43,0,0,189,93021,34.312945,-118.858169,0,1,1,39.81,0.0,1,23.0,0.0,0.0,0.0,0.0,0.0,0.0,0.0,1.0,0,70.9,70.9,0.0,0,39.81,110.71,0,0,0,0,1,0,0,1,1,0,0,0,0,1,1,0,0
86,1,48,1,0,283,93463,34.624399,-120.137875,1,22,1,27.24,0.0,1,21.0,1.0,0.0,0.0,1.0,0.0,0.0,0.0,1.0,1,54.2,1152.7,0.0,0,599.28,1751.98,0,0,0,1,0,0,1,0,1,0,0,1,0,0,1,0,0
87,0,51,0,0,145,90638,33.902045,-118.008961,0,24,1,10.64,0.0,0,0.0,0.0,0.0,0.0,0.0,0.0,0.0,0.0,0.0,1,19.55,470.2,0.0,0,255.36,725.56,0,0,0,0,0,0,0,0,0,0,1,1,0,0,0,0,1
88,0,34,1,0,27,93516,34.95703,-117.73045,8,19,1,7.84,1.0,1,16.0,0.0,0.0,0.0,0.0,1.0,0.0,0.0,1.0,1,86.85,1564.4,0.0,0,148.96,1713.36,0,0,0,0,0,0,0,1,1,0,0,1,0,0,0,0,1
89,1,21,1,2,262,92078,33.119028,-117.166036,2,71,1,9.2,1.0,0,0.0,0.0,0.0,0.0,0.0,0.0,0.0,0.0,0.0,0,25.35,1847.55,0.0,0,653.2,2500.75,0,0,0,0,0,0,0,0,0,0,1,0,1,0,0,0,1
90,1,78,1,0,68,92239,33.889605,-115.257009,7,33,1,25.15,1.0,1,20.0,1.0,0.0,1.0,1.0,1.0,1.0,0.0,1.0,1,109.9,3694.7,0.0,0,829.95,4524.65,0,0,0,0,0,0,0,1,0,1,0,1,0,0,0,0,1
91,0,60,0,0,60,95313,37.435664,-121.049056,0,3,1,2.69,0.0,0,0.0,0.0,0.0,0.0,0.0,0.0,0.0,0.0,0.0,0,19.95,58.0,0.0,0,8.07,66.07,0,0,0,0,0,0,0,0,1,0,0,0,1,0,0,1,0
92,1,54,1,1,304,95379,37.939768,-120.188002,7,47,1,1.09,1.0,1,13.0,0.0,1.0,0.0,0.0,1.0,0.0,0.0,1.0,0,87.2,4017.45,0.0,0,51.23,4068.68,0,0,0,0,0,0,0,1,1,0,0,1,0,0,0,0,1
93,1,42,1,3,256,92120,32.807867,-117.060993,2,62,1,1.76,0.0,1,20.0,1.0,1.0,1.0,1.0,1.0,1.0,1.0,1.0,0,108.15,6825.65,0.0,0,109.12,6934.77,0,0,0,0,0,0,0,1,0,0,1,0,1,0,0,0,1
94,1,22,0,0,14,95603,38.912881,-121.082766,0,71,1,2.88,1.0,1,48.0,1.0,1.0,1.0,1.0,1.0,1.0,1.0,1.0,1,116.3,8309.55,0.0,0,204.48,8514.03,0,0,0,0,0,0,0,1,0,1,0,1,0,0,0,0,1
95,1,71,1,0,103,93725,36.623632,-119.741322,8,7,1,41.97,0.0,1,11.0,0.0,0.0,0.0,0.0,1.0,1.0,1.0,1.0,1,89.0,605.45,0.0,0,293.79,899.24,0,0,0,0,0,0,0,1,0,0,1,1,0,0,0,0,1
96,0,56,1,2,66,93616,36.657462,-119.595293,6,27,1,46.66,0.0,1,28.0,1.0,0.0,0.0,0.0,0.0,0.0,0.0,1.0,0,74.4,1972.35,0.0,0,1259.82,3232.17,0,0,1,0,0,0,0,1,1,0,0,0,1,0,0,0,1
97,1,33,0,0,243,94065,37.527497,-122.230941,0,2,1,1.81,0.0,0,0.0,0.0,0.0,0.0,0.0,0.0,0.0,0.0,0.0,0,20.05,33.7,0.0,0,3.62,37.32,0,0,0,0,0,0,0,0,1,0,0,0,1,0,0,1,0
98,0,32,0,3,151,92285,34.341737,-116.539416,0,25,0,0.0,0.0,1,75.0,1.0,0.0,0.0,1.0,0.0,0.0,0.0,1.0,0,35.05,844.45,0.0,0,0.0,844.45,0,0,1,0,0,1,0,0,0,0,1,1,0,0,0,0,1
99,1,80,0,0,120,90250,33.914775,-118.348083,0,30,1,38.61,0.0,1,5.0,1.0,1.0,0.0,0.0,1.0,1.0,0.0,1.0,1,74.75,2111.3,0.0,0,1158.3,3269.6,0,0,0,0,0,0,1,0,0,1,0,1,0,0,0,0,1
100,0,73,1,0,207,93445,35.059695,-120.604741,1,58,1,16.94,0.0,1,19.0,1.0,1.0,0.0,1.0,1.0,1.0,1.0,1.0,1,105.5,6205.5,0.0,0,982.52,7188.02,0,0,0,0,0,0,0,1,0,1,0,0,1,0,1,0,0
101,0,59,0,0,50,95612,38.384648,-121.578701,0,9,1,9.27,1.0,1,28.0,0.0,0.0,0.0,0.0,0.0,0.0,0.0,1.0,1,75.2,633.85,0.0,0,83.43,717.28,0,0,0,0,0,0,0,1,1,0,0,0,1,0,0,0,1
102,0,78,1,0,135,92620,33.716136,-117.752574,1,6,1,28.71,1.0,1,17.0,0.0,0.0,0.0,0.0,0.0,1.0,0.0,1.0,1,84.35,474.9,0.0,0,172.26,647.16,0,0,0,0,0,0,0,1,1,0,0,1,0,0,1,0,0
103,0,47,1,1,274,95066,37.070177,-122.010077,7,69,1,38.92,1.0,1,16.0,1.0,0.0,1.0,0.0,0.0,0.0,0.0,0.0,0,84.45,5848.6,0.0,40,2685.48,8574.08,0,0,0,0,0,0,0,1,0,1,0,1,0,0,0,0,1
104,0,68,0,0,251,95368,37.713152,-121.08739,0,66,1,10.45,1.0,1,20.0,1.0,0.0,0.0,0.0,1.0,1.0,1.0,1.0,1,102.4,6471.85,0.0,0,689.7,7161.55,0,0,0,0,0,0,0,1,0,0,1,1,0,0,0,0,1
105,0,30,0,0,174,95519,40.965011,-124.015255,0,70,1,10.21,1.0,1,52.0,1.0,1.0,1.0,1.0,1.0,1.0,1.0,1.0,0,115.55,8127.6,0.0,0,714.7,8842.3,1,0,0,0,0,0,0,1,0,1,0,0,1,0,1,0,0
106,1,62,0,0,13,94027,37.454924,-122.203168,0,25,1,5.57,1.0,0,0.0,0.0,0.0,0.0,0.0,0.0,0.0,0.0,0.0,0,25.3,676.35,0.0,0,139.25,815.6,0,0,1,0,0,0,0,0,0,1,0,1,0,0,1,0,0
107,0,52,1,2,127,92649,33.721917,-118.043237,1,46,1,24.33,0.0,0,0.0,0.0,0.0,0.0,0.0,0.0,0.0,0.0,0.0,1,19.25,864.2,0.0,0,1119.18,1983.38,0,1,0,0,0,0,0,0,0,0,1,0,1,0,0,0,1
108,0,63,1,0,33,92320,33.982787,-117.057627,7,54,1,11.4,1.0,1,26.0,1.0,1.0,1.0,1.0,1.0,1.0,1.0,1.0,1,114.65,6049.5,0.0,0,615.6,6665.1,0,1,0,0,0,0,0,1,0,1,0,0,1,0,0,0,1
109,0,54,0,0,62,94014,37.691561,-122.445202,0,15,1,22.39,0.0,1,7.0,1.0,0.0,1.0,1.0,1.0,1.0,1.0,1.0,0,105.1,1582.75,0.0,0,335.85,1918.6,0,0,0,0,0,0,0,1,1,0,0,1,0,0,1,0,0
110,0,48,1,1,178,95461,38.787446,-122.58675,0,12,1,8.25,0.0,0,0.0,0.0,0.0,0.0,0.0,0.0,0.0,0.0,0.0,0,19.4,198.1,0.0,0,99.0,297.1,0,0,0,1,0,0,0,0,1,0,0,1,0,0,0,0,1
111,0,51,0,0,21,94705,37.858898,-122.240512,0,22,0,0.0,0.0,1,22.0,0.0,1.0,0.0,0.0,1.0,1.0,1.0,1.0,1,50.35,1098.85,0.0,0,0.0,1098.85,0,0,0,0,0,1,0,0,1,0,0,1,0,0,0,0,1
112,1,22,1,1,132,92203,33.752938,-116.230055,1,71,1,28.34,1.0,1,59.0,0.0,1.0,0.0,0.0,1.0,1.0,1.0,1.0,0,100.55,7113.75,16.99,0,2012.14,9108.9,1,0,0,0,0,0,0,1,0,1,0,1,0,0,0,0,1
113,1,33,1,0,214,93033,34.156629,-119.117218,2,30,1,9.81,0.0,0,0.0,0.0,0.0,0.0,0.0,0.0,0.0,0.0,0.0,0,19.8,576.65,0.0,0,294.3,870.95,0,0,0,0,0,0,0,0,0,1,0,0,1,0,0,0,1
114,1,26,1,0,256,92122,32.85723,-117.209774,5,4,1,28.77,1.0,1,19.0,0.0,1.0,1.0,0.0,0.0,0.0,1.0,1.0,1,84.8,371.9,0.0,0,115.08,486.98,0,0,0,0,1,0,0,1,1,0,0,1,0,0,1,0,0
115,1,58,0,0,86,92027,33.141265,-116.967221,0,2,1,14.14,0.0,1,28.0,0.0,0.0,1.0,0.0,0.0,1.0,1.0,1.0,1,85.85,167.3,0.0,0,28.28,195.58,0,0,0,0,1,0,0,1,1,0,0,1,0,0,1,0,0
116,1,22,0,1,190,92553,33.923149,-117.244933,0,10,1,7.86,0.0,0,0.0,0.0,0.0,0.0,0.0,0.0,0.0,0.0,0.0,1,19.95,219.5,0.0,0,78.6,298.1,0,0,0,0,0,0,0,0,0,1,0,1,0,0,0,0,1
117,1,66,0,0,47,91710,33.990646,-117.663025,0,4,1,36.4,0.0,1,29.0,1.0,0.0,0.0,0.0,0.0,0.0,0.0,1.0,0,75.35,273.4,0.0,0,145.6,419.0,0,0,0,0,1,0,0,1,0,1,0,1,0,0,0,0,1
118,1,69,0,0,250,95820,38.53508,-121.444144,0,52,0,0.0,0.0,1,19.0,1.0,0.0,0.0,0.0,1.0,1.0,1.0,1.0,1,48.8,2555.05,0.0,0,0.0,2555.05,0,1,0,0,0,0,1,0,0,0,1,0,1,0,0,0,1
119,1,30,1,3,305,95380,37.474396,-120.875917,1,8,1,2.87,0.0,0,0.0,0.0,0.0,0.0,0.0,0.0,0.0,0.0,0.0,0,20.15,165.5,0.0,0,22.96,188.46,0,0,0,0,1,0,0,0,0,0,1,0,1,0,0,0,1
120,0,73,0,0,32,92231,32.690654,-115.431225,0,2,1,23.91,0.0,1,22.0,0.0,0.0,0.0,0.0,0.0,0.0,0.0,1.0,1,44.3,89.3,0.0,0,47.82,137.12,0,0,0,0,1,1,0,0,0,1,0,1,0,0,0,1,0
121,1,46,0,0,115,95321,37.902968,-119.667544,0,3,1,13.72,0.0,1,26.0,0.0,1.0,0.0,0.0,0.0,1.0,1.0,1.0,0,84.3,235.05,0.0,0,41.16,276.21,0,0,0,0,1,0,0,1,1,0,0,1,0,0,0,1,0
122,1,40,0,0,163,95033,37.160194,-121.945611,0,19,1,11.85,1.0,1,18.0,0.0,0.0,1.0,1.0,0.0,0.0,0.0,1.0,0,59.55,1144.6,0.0,0,225.15,1369.75,0,0,0,1,0,0,1,0,1,0,0,1,0,0,0,0,1
123,1,53,0,0,52,93611,36.917652,-119.593757,0,72,1,3.66,1.0,1,13.0,1.0,1.0,1.0,1.0,0.0,0.0,0.0,1.0,0,69.65,4908.25,0.0,0,263.52,5171.77,1,0,0,0,0,0,1,0,0,0,1,1,0,0,0,0,1
124,1,76,1,0,129,96046,40.648024,-123.465088,2,63,0,0.0,0.0,1,7.0,1.0,0.0,0.0,1.0,0.0,0.0,0.0,1.0,0,36.1,2298.9,0.0,0,0.0,2298.9,0,1,0,0,0,0,1,0,0,1,0,1,0,0,0,0,1
125,1,38,1,0,325,91364,34.153733,-118.593408,1,66,0,0.0,0.0,1,29.0,1.0,1.0,1.0,1.0,1.0,0.0,0.0,1.0,1,56.6,3789.2,0.0,0,0.0,3789.2,0,0,0,0,0,0,1,0,0,0,1,1,0,0,0,0,1
126,1,23,0,0,297,92592,33.507255,-117.029473,0,1,1,44.56,0.0,1,27.0,0.0,0.0,0.0,1.0,0.0,0.0,0.0,1.0,1,75.9,75.9,0.0,0,44.56,120.46,0,0,0,0,0,0,0,1,1,0,0,1,0,0,1,0,0
127,0,24,0,0,155,95334,37.361987,-120.748394,0,60,1,15.29,1.0,1,48.0,0.0,0.0,1.0,0.0,0.0,0.0,0.0,1.0,1,79.2,4765.0,0.0,0,917.4,5682.4,0,0,0,0,0,0,0,1,0,1,0,1,0,0,0,0,1
128,0,43,1,3,302,93274,36.185471,-119.375243,3,48,0,0.0,0.0,1,22.0,1.0,0.0,1.0,0.0,0.0,1.0,1.0,1.0,0,45.0,2196.3,0.0,0,0.0,2196.3,0,0,0,0,0,0,1,0,0,1,0,0,1,0,0,0,1
129,0,45,0,0,29,93427,34.631362,-120.238218,0,1,1,33.34,0.0,1,4.0,0.0,0.0,1.0,0.0,1.0,0.0,0.0,1.0,1,85.55,85.55,0.0,0,33.34,118.89,0,0,0,0,1,0,0,1,1,0,0,0,1,0,1,0,0
130,1,49,0,0,216,93552,34.557711,-118.029441,0,15,1,48.93,1.0,1,15.0,0.0,0.0,0.0,0.0,1.0,1.0,1.0,1.0,1,93.35,1444.65,0.0,0,733.95,2178.6,0,0,0,0,0,0,0,1,1,0,0,1,0,0,1,0,0
131,0,62,1,0,180,92655,33.744439,-117.98588,4,50,1,34.57,1.0,1,13.0,1.0,1.0,0.0,1.0,1.0,1.0,1.0,1.0,1,109.65,5405.8,0.0,0,1728.5,7134.3,0,1,0,0,0,0,0,1,1,0,0,1,0,0,0,0,1
132,1,25,1,1,96,95630,38.672638,-121.147403,10,72,1,33.75,1.0,1,30.0,1.0,1.0,1.0,1.0,1.0,1.0,1.0,1.0,0,89.7,6339.3,0.0,0,2430.0,8769.3,1,0,0,0,0,1,0,0,0,0,1,0,1,0,0,0,1
133,0,35,1,1,253,94960,37.99272,-122.575026,4,72,1,30.0,1.0,1,19.0,1.0,1.0,1.0,1.0,1.0,1.0,1.0,1.0,0,92.65,6733.0,0.0,0,2160.0,8893.0,0,0,0,0,0,0,1,0,0,0,1,1,0,0,0,0,1
134,1,37,1,3,75,91010,34.145695,-117.95982,2,1,1,34.28,0.0,0,0.0,0.0,0.0,0.0,0.0,0.0,0.0,0.0,0.0,0,19.7,19.7,0.0,0,34.28,53.98,0,0,0,0,0,0,0,0,1,0,0,0,1,0,0,1,0
135,0,19,0,0,148,92530,33.655421,-117.391751,0,1,1,29.13,1.0,1,51.0,0.0,0.0,0.0,0.0,0.0,0.0,0.0,1.0,1,50.1,50.1,0.0,0,29.13,79.23,0,0,0,0,0,1,0,0,1,0,0,1,0,0,0,1,0
136,0,69,0,0,255,92672,33.429488,-117.609432,0,67,1,2.57,0.0,1,21.0,1.0,1.0,0.0,1.0,1.0,0.0,0.0,1.0,1,92.45,6140.85,0.0,0,172.19,6313.04,1,0,0,0,0,0,0,1,0,0,1,1,0,0,0,0,1
137,0,44,1,1,162,90004,34.076259,-118.310715,5,48,1,8.94,1.0,1,27.0,0.0,1.0,0.0,1.0,1.0,1.0,1.0,1.0,0,79.65,3870.3,0.0,0,429.12,4299.42,0,0,0,0,0,0,1,0,0,0,1,1,0,0,0,0,1
138,0,19,0,0,74,90241,33.940884,-118.128628,0,72,1,41.91,0.0,1,73.0,1.0,1.0,1.0,1.0,1.0,1.0,1.0,1.0,1,109.9,7624.2,0.0,0,3017.52,10641.72,0,0,0,0,0,0,0,1,0,0,1,1,0,0,0,0,1
139,1,64,1,0,26,94923,38.377165,-123.037957,6,52,1,41.34,1.0,1,24.0,1.0,1.0,1.0,1.0,0.0,1.0,1.0,1.0,1,81.4,4354.45,0.0,0,2149.68,6504.13,0,1,0,0,0,1,0,0,0,1,0,0,1,0,0,0,1
140,0,44,1,3,45,95925,39.461768,-121.195825,1,67,1,46.9,0.0,1,28.0,0.0,1.0,0.0,0.0,0.0,0.0,0.0,1.0,0,50.55,3431.75,0.0,0,3142.3,6574.05,1,0,0,0,0,1,0,0,0,1,0,0,1,0,0,0,1
141,0,58,1,0,166,92338,34.702766,-116.093376,1,28,1,16.85,0.0,1,13.0,0.0,0.0,0.0,0.0,0.0,1.0,1.0,1.0,1,81.05,2227.1,0.0,0,471.8,2698.9,0,0,1,0,0,0,0,1,1,0,0,1,0,0,1,0,0
142,0,29,1,1,269,95051,37.348129,-121.98469,9,32,1,33.28,1.0,1,51.0,0.0,1.0,1.0,0.0,0.0,0.0,1.0,1.0,0,62.45,2045.55,0.0,0,1064.96,3110.51,0,0,1,0,0,0,1,0,1,0,0,1,0,0,0,0,1
143,0,80,1,0,224,92571,33.828289,-117.201666,2,27,1,7.02,0.0,1,25.0,1.0,0.0,0.0,0.0,0.0,0.0,0.0,1.0,1,75.2,1929.35,0.0,0,189.54,2118.89,0,0,0,0,0,1,0,0,1,0,0,1,0,0,1,0,0
144,1,22,0,0,100,95540,40.584991,-124.121504,0,3,1,31.48,0.0,1,73.0,0.0,1.0,1.0,0.0,0.0,1.0,1.0,1.0,0,90.4,268.45,0.0,0,94.44,362.89,0,0,0,0,0,0,0,1,1,0,0,1,0,0,0,1,0
145,1,22,0,0,256,92122,32.85723,-117.209774,0,2,1,40.43,1.0,1,27.0,0.0,0.0,0.0,0.0,1.0,0.0,1.0,1.0,1,85.65,181.5,0.0,0,80.86,262.36,0,0,0,0,1,1,0,0,1,0,0,1,0,0,1,0,0
146,0,50,0,2,257,91773,34.102119,-117.815532,0,9,1,35.49,0.0,1,11.0,0.0,0.0,1.0,1.0,1.0,1.0,1.0,1.0,1,72.9,651.4,0.0,0,319.41,970.81,0,0,0,0,0,1,0,0,1,0,0,0,1,0,1,0,0
147,1,53,1,2,244,95672,38.724322,-120.991237,10,50,1,44.49,1.0,1,28.0,1.0,0.0,0.0,1.0,1.0,0.0,0.0,1.0,1,70.5,3486.65,0.0,0,2224.5,5711.15,0,1,0,0,0,1,0,0,0,0,1,0,1,0,0,0,1
148,0,45,1,2,51,96106,39.745805,-120.580882,1,71,1,31.03,0.0,0,0.0,0.0,0.0,0.0,0.0,0.0,0.0,0.0,0.0,0,20.1,1389.6,0.0,0,2203.13,3592.73,0,0,0,0,0,0,0,0,0,0,1,1,0,0,0,0,1
149,1,76,1,0,256,92122,32.85723,-117.209774,2,32,1,47.34,1.0,1,10.0,0.0,0.0,0.0,0.0,0.0,0.0,0.0,1.0,1,74.9,2303.35,0.0,0,1514.88,3818.23,0,0,1,0,0,0,0,1,1,0,0,1,0,0,1,0,0
150,0,57,1,3,165,95651,38.815515,-120.916997,10,16,1,27.27,0.0,1,76.0,1.0,0.0,1.0,0.0,1.0,1.0,1.0,1.0,0,100.7,1522.7,0.0,0,436.32,1959.02,0,0,0,1,0,0,0,1,1,0,0,1,0,0,0,0,1
151,0,45,1,3,262,92078,33.119028,-117.166036,8,67,1,17.79,1.0,1,22.0,0.0,0.0,1.0,1.0,1.0,1.0,1.0,1.0,1,105.65,6717.9,0.0,0,1191.93,7909.83,1,0,0,0,0,0,0,1,0,0,1,1,0,0,0,0,1
152,1,43,1,1,159,93436,34.601055,-120.382917,1,72,1,15.94,1.0,1,13.0,1.0,1.0,1.0,1.0,1.0,1.0,1.0,1.0,1,114.3,8058.55,0.0,0,1147.68,9206.23,0,0,0,0,0,0,0,1,0,0,1,0,1,0,0,0,1
153,0,41,0,0,228,95664,38.803731,-121.043799,0,3,1,24.63,0.0,0,0.0,0.0,0.0,0.0,0.0,0.0,0.0,0.0,0.0,0,19.75,58.85,0.0,0,73.89,132.74,0,0,0,0,1,0,0,0,1,0,0,1,0,0,1,0,0
154,1,22,1,3,258,94133,37.802071,-122.411004,1,23,1,48.02,1.0,0,0.0,0.0,0.0,0.0,0.0,0.0,0.0,0.0,0.0,0,24.35,538.5,0.0,0,1104.46,1642.96,0,0,0,0,0,0,0,0,0,1,0,0,1,0,0,0,1
155,1,21,1,2,162,90040,33.994524,-118.149953,9,7,0,0.0,0.0,1,47.0,1.0,1.0,1.0,0.0,1.0,1.0,1.0,1.0,0,-3.0,465.7,0.0,0,0.0,465.7,0,0,0,0,1,1,0,0,1,0,0,0,1,0,0,0,1
156,1,49,1,3,119,90710,33.798266,-118.300237,10,8,1,1.56,0.0,1,57.0,0.0,0.0,0.0,0.0,1.0,0.0,0.0,1.0,1,54.4,475.1,0.0,0,12.48,487.58,0,0,0,0,1,0,1,0,1,0,0,1,0,0,0,0,1
157,1,30,0,0,133,90301,33.956445,-118.358634,0,5,1,34.26,0.0,0,0.0,0.0,0.0,0.0,0.0,0.0,0.0,0.0,0.0,0,21.05,113.85,0.0,0,171.3,285.15,0,0,0,0,1,0,0,0,1,0,0,0,1,0,1,0,0
158,1,38,0,1,162,90015,34.039224,-118.266293,0,49,1,44.33,1.0,1,11.0,0.0,1.0,1.0,0.0,1.0,1.0,1.0,1.0,1,103.7,5036.3,0.0,0,2172.17,7208.47,0,0,0,0,0,0,0,1,1,0,0,1,0,0,1,0,0
159,1,56,1,0,225,94060,37.22565,-122.297533,2,63,1,38.36,0.0,0,0.0,0.0,0.0,0.0,0.0,0.0,0.0,0.0,0.0,1,19.95,1234.8,0.0,0,2416.68,3651.48,0,1,0,0,0,0,0,0,0,0,1,1,0,0,0,0,1
160,0,70,1,1,11,95004,36.878364,-121.629781,1,12,0,0.0,0.0,1,14.0,0.0,0.0,0.0,1.0,0.0,0.0,0.0,1.0,1,29.3,355.9,0.0,0,0.0,355.9,0,0,0,1,0,0,1,0,1,0,0,0,0,1,0,0,1
161,0,57,0,0,221,93648,36.622237,-119.521126,0,35,1,44.81,0.0,1,20.0,1.0,1.0,1.0,0.0,0.0,0.0,0.0,1.0,0,60.55,1982.6,0.0,0,1568.35,3550.95,0,0,0,0,0,0,1,0,1,0,0,1,0,0,0,0,1
162,0,40,1,2,65,92328,36.27688,-117.033326,7,54,1,4.33,1.0,1,12.0,0.0,1.0,1.0,1.0,1.0,1.0,1.0,1.0,1,86.2,4524.05,0.0,0,233.82,4757.87,0,1,0,0,0,0,1,0,1,0,0,1,0,0,0,0,1
163,1,56,0,0,146,91744,34.031441,-117.936436,0,1,1,5.59,1.0,1,2.0,0.0,0.0,0.0,0.0,1.0,1.0,1.0,1.0,1,95.45,95.45,0.0,0,5.59,101.04,0,0,0,0,0,0,0,1,1,0,0,1,0,0,1,0,0
164,1,38,0,0,246,93656,36.452211,-119.94575,0,5,1,13.96,0.0,1,5.0,0.0,0.0,1.0,1.0,1.0,0.0,0.0,1.0,1,63.95,318.1,0.0,0,69.8,387.9,0,0,0,0,1,0,1,0,1,0,0,0,1,0,0,0,1
165,1,61,0,0,258,94104,37.791222,-122.402241,0,19,1,41.79,0.0,1,6.0,0.0,1.0,0.0,1.0,0.0,1.0,1.0,0.0,1,65.35,1231.85,0.0,60,794.01,2085.86,0,0,0,0,0,0,1,0,0,1,0,1,0,0,0,0,1
166,0,61,1,3,104,95439,38.493888,-122.777141,8,72,0,0.0,0.0,1,22.0,1.0,1.0,1.0,1.0,1.0,1.0,1.0,1.0,1,63.8,4684.3,0.0,0,0.0,4684.3,0,0,0,0,0,0,1,0,0,0,1,1,0,0,0,0,1
167,1,50,0,0,40,95010,36.977025,-121.952864,0,32,1,14.91,0.0,0,0.0,0.0,0.0,0.0,0.0,0.0,0.0,0.0,0.0,1,20.05,614.45,9.73,0,477.12,1081.84,0,0,0,0,0,0,0,0,0,0,1,1,0,0,0,0,1
168,0,47,1,0,256,92109,32.787836,-117.232376,1,8,1,16.88,0.0,1,6.0,0.0,1.0,1.0,0.0,1.0,1.0,1.0,1.0,0,101.15,842.9,0.0,0,135.04,977.94,0,0,0,0,0,0,0,1,1,0,0,1,0,0,1,0,0
169,1,32,0,0,110,91207,34.182378,-118.262922,0,5,1,21.01,0.0,0,0.0,0.0,0.0,0.0,0.0,0.0,0.0,0.0,0.0,1,19.25,86.05,0.0,0,105.05,191.1,0,0,0,0,0,0,0,0,1,0,0,0,1,0,0,0,1
170,1,61,0,0,91,92028,33.362575,-117.299644,0,5,1,31.09,0.0,1,11.0,0.0,0.0,0.0,1.0,1.0,1.0,1.0,1.0,1,96.1,453.4,0.0,0,155.45,608.85,0,0,0,0,0,0,0,1,1,0,0,1,0,0,1,0,0
171,0,62,0,0,258,94134,37.721052,-122.413573,0,16,1,41.51,0.0,0,0.0,0.0,0.0,0.0,0.0,0.0,0.0,0.0,0.0,0,19.05,326.65,0.0,0,664.16,990.81,0,0,0,1,0,0,0,0,0,1,0,0,1,0,0,0,1
172,1,80,0,0,256,92126,32.886925,-117.152162,0,71,1,6.1,1.0,1,9.0,0.0,1.0,0.0,1.0,1.0,1.0,0.0,1.0,0,105.75,7382.85,0.0,0,433.1,7815.95,0,0,0,0,0,0,0,1,0,1,0,1,0,0,0,0,1
173,0,23,0,0,267,92703,33.748635,-117.906125,0,11,0,0.0,0.0,1,59.0,0.0,1.0,1.0,1.0,0.0,0.0,0.0,1.0,1,40.4,422.6,0.0,0,0.0,422.6,0,0,0,0,0,0,1,0,0,1,0,0,1,0,0,0,1
174,0,63,1,0,282,95369,37.521708,-120.426843,1,61,1,49.33,1.0,1,7.0,0.0,1.0,0.0,0.0,1.0,1.0,1.0,1.0,1,99.15,6010.05,0.0,0,3009.13,9019.18,0,0,0,0,0,0,0,1,1,0,0,1,0,0,1,0,0
175,0,50,1,0,63,93522,36.319181,-117.593053,2,71,1,23.06,0.0,1,6.0,1.0,1.0,1.0,1.0,1.0,1.0,1.0,1.0,1,84.8,6046.1,0.0,0,1637.26,7683.36,0,0,0,0,0,1,0,0,0,1,0,1,0,0,0,0,1
176,1,56,0,0,254,92404,34.183286,-117.221722,0,9,1,40.74,0.0,0,0.0,0.0,0.0,0.0,0.0,0.0,0.0,0.0,0.0,0,19.85,178.8,0.0,0,366.66,545.46,0,0,0,0,0,0,0,0,1,0,0,0,1,0,0,0,1
177,0,63,0,0,105,95542,40.057784,-123.679461,0,6,1,39.16,0.0,1,8.0,1.0,0.0,0.0,0.0,0.0,0.0,0.0,1.0,1,49.45,314.6,0.0,0,234.96,549.56,0,0,0,0,0,0,1,0,1,0,0,1,0,0,0,0,1
178,0,58,0,0,160,90807,33.830099,-118.182239,0,26,1,38.09,0.0,1,22.0,0.0,0.0,0.0,0.0,1.0,1.0,1.0,0.0,1,88.8,2274.35,0.0,50,990.34,3314.69,0,0,0,0,0,0,0,1,1,0,0,1,0,0,1,0,0
179,0,29,0,0,306,91784,34.141146,-117.655583,0,6,1,6.98,0.0,1,30.0,1.0,1.0,0.0,0.0,0.0,0.0,0.0,0.0,0,55.15,322.9,0.0,0,41.88,364.78,0,0,0,0,1,1,0,0,1,0,0,0,0,1,0,0,1
180,1,54,0,0,78,95762,38.684437,-121.055634,0,11,1,30.57,0.0,1,15.0,0.0,0.0,1.0,0.0,0.0,1.0,1.0,1.0,0,84.8,888.75,0.0,0,336.27,1225.02,0,0,0,0,0,0,0,1,1,0,0,1,0,0,0,0,1
181,1,25,1,0,273,95403,38.488431,-122.752839,1,1,1,43.67,0.0,1,73.0,0.0,0.0,0.0,0.0,1.0,0.0,1.0,0.0,1,80.55,80.55,0.0,0,43.67,124.22,0,0,0,0,0,0,0,1,1,0,0,1,0,0,1,0,0
182,0,31,1,0,169,90265,34.074572,-118.831181,10,49,1,2.82,0.0,0,0.0,0.0,0.0,0.0,0.0,0.0,0.0,0.0,0.0,1,20.15,973.35,0.0,0,138.18,1111.53,0,0,0,0,0,0,0,0,0,0,1,1,0,0,0,0,1
183,0,25,1,2,273,95401,38.460517,-122.790335,9,3,1,11.47,0.0,1,51.0,0.0,1.0,0.0,0.0,1.0,0.0,0.0,1.0,1,58.7,168.6,0.0,0,34.41,203.01,0,0,0,0,1,0,1,0,1,0,0,0,1,0,0,1,0
184,0,46,0,0,246,93656,36.452211,-119.94575,0,53,1,43.57,0.0,1,13.0,1.0,1.0,1.0,1.0,0.0,1.0,1.0,1.0,0,99.5,5424.25,0.0,0,2309.21,7733.46,0,1,0,0,0,0,0,1,0,0,1,0,1,0,0,0,1
185,1,28,1,0,214,93035,34.18454,-119.224666,1,23,1,37.95,0.0,1,27.0,1.0,0.0,0.0,1.0,1.0,1.0,1.0,1.0,1,99.85,2331.3,0.0,0,872.85,3204.15,0,0,0,0,0,0,0,1,1,0,0,1,0,0,1,0,0
186,1,63,0,0,216,93591,34.598221,-117.79593,0,2,1,25.49,0.0,1,9.0,0.0,0.0,0.0,0.0,0.0,0.0,0.0,1.0,0,45.35,89.5,0.0,0,50.98,140.48,0,0,0,0,0,0,1,0,1,0,0,1,0,0,1,0,0
187,1,37,0,0,59,91723,34.084747,-117.886844,0,1,1,11.35,0.0,1,9.0,1.0,0.0,0.0,0.0,0.0,0.0,0.0,1.0,1,48.55,48.55,0.0,0,11.35,59.9,0,0,0,0,0,0,1,0,1,0,0,0,1,0,1,0,0
188,1,44,0,1,261,93954,36.125529,-120.864443,0,3,1,33.87,1.0,0,0.0,0.0,0.0,0.0,0.0,0.0,0.0,0.0,0.0,1,26.4,121.25,0.0,0,101.61,222.86,0,0,0,0,0,0,0,0,0,0,1,0,1,0,0,1,0
189,0,74,1,0,216,93591,34.598221,-117.79593,1,68,1,21.33,1.0,1,24.0,0.0,1.0,0.0,0.0,1.0,1.0,1.0,1.0,1,100.2,6851.65,0.0,0,1450.44,8302.09,0,0,0,0,0,1,0,0,1,0,0,1,0,0,1,0,0
190,1,44,0,0,125,95546,41.163637,-123.704841,0,8,1,19.49,0.0,1,10.0,0.0,0.0,1.0,0.0,1.0,1.0,1.0,0.0,1,94.7,740.3,0.0,80,155.92,976.22,0,0,0,0,0,0,0,1,1,0,0,1,0,0,1,0,0
191,0,21,1,0,160,90802,33.752524,-118.210737,9,70,1,16.66,1.0,1,26.0,0.0,0.0,1.0,0.0,1.0,1.0,1.0,0.0,1,97.65,6982.5,0.0,80,1166.2,8228.7,1,0,0,0,0,0,0,1,0,1,0,1,0,0,0,0,1
192,1,62,1,3,252,95564,40.809636,-124.189977,9,39,1,17.29,1.0,1,75.0,0.0,0.0,1.0,0.0,1.0,1.0,1.0,1.0,0,100.0,3835.55,0.0,0,674.31,4509.86,0,0,1,0,0,0,0,1,0,1,0,1,0,0,0,0,1
193,0,43,0,0,31,95527,40.854512,-123.450097,0,1,1,17.37,0.0,1,25.0,0.0,0.0,0.0,0.0,0.0,0.0,0.0,1.0,1,70.1,70.1,0.0,0,17.37,87.47,0,0,0,0,0,0,0,1,1,0,0,1,0,0,1,0,0
194,0,40,0,0,106,92844,33.766476,-117.969795,0,3,1,30.18,0.0,1,7.0,0.0,1.0,0.0,1.0,1.0,1.0,1.0,1.0,1,97.9,315.3,0.0,0,90.54,405.84,0,0,0,0,0,0,0,1,1,0,0,1,0,0,1,0,0
195,1,48,1,0,181,96121,40.181279,-120.392967,8,60,1,19.22,1.0,1,4.0,0.0,1.0,1.0,0.0,1.0,1.0,1.0,1.0,0,102.5,6157.6,0.0,0,1153.2,7310.8,0,1,0,0,0,0,0,1,0,1,0,1,0,0,0,0,1
196,0,55,1,0,6,96007,40.448632,-122.306657,1,5,1,17.08,0.0,1,10.0,0.0,0.0,0.0,0.0,0.0,0.0,0.0,1.0,0,69.95,330.15,0.0,0,85.4,415.55,0,0,0,0,1,0,0,1,1,0,0,1,0,0,1,0,0
197,1,77,0,0,256,92122,32.85723,-117.209774,0,3,1,9.22,1.0,1,14.0,0.0,1.0,0.0,0.0,0.0,0.0,0.0,1.0,1,81.35,233.7,0.0,0,27.66,261.36,0,0,0,0,1,0,0,1,1,0,0,1,0,0,1,0,0
198,1,43,0,0,271,93453,35.303926,-120.256567,0,72,0,0.0,0.0,1,6.0,1.0,0.0,1.0,1.0,1.0,1.0,1.0,1.0,1,61.2,4390.25,0.0,0,0.0,4390.25,0,0,0,0,0,0,1,0,0,0,1,0,1,0,0,0,1
199,0,43,0,0,256,92109,32.787836,-117.232376,0,6,1,2.6,0.0,1,22.0,0.0,0.0,0.0,0.0,1.0,1.0,1.0,1.0,0,89.3,577.6,0.0,0,15.6,593.2,0,0,0,0,0,0,0,1,1,0,0,1,0,0,1,0,0
200,0,29,1,0,134,95640,38.33788,-120.954202,6,46,1,2.0,1.0,1,48.0,0.0,1.0,1.0,1.0,1.0,1.0,1.0,1.0,1,108.9,4854.3,0.0,0,92.0,4946.3,0,0,0,0,0,0,0,1,0,0,1,0,1,0,0,0,1
201,0,46,0,0,264,94404,37.556094,-122.272437,0,15,1,2.74,0.0,0,0.0,0.0,0.0,0.0,0.0,0.0,0.0,0.0,0.0,0,19.9,320.45,0.0,0,41.1,361.55,0,0,0,0,0,0,0,0,1,0,0,0,0,1,0,0,1
202,1,60,1,3,162,90034,34.030578,-118.399613,10,23,1,34.04,0.0,0,0.0,0.0,0.0,0.0,0.0,0.0,0.0,0.0,0.0,0,19.6,426.65,0.0,0,782.92,1209.57,0,0,0,0,0,0,0,0,0,0,1,0,1,0,0,0,1
203,0,70,1,0,258,94130,37.820894,-122.369725,1,31,1,47.95,0.0,1,21.0,0.0,0.0,1.0,1.0,1.0,1.0,0.0,1.0,1,98.9,2911.3,0.0,0,1486.45,4397.75,0,0,1,0,0,0,0,1,1,0,0,1,0,0,1,0,0
204,1,54,1,0,270,95062,36.974575,-121.991149,1,11,1,12.95,0.0,1,6.0,0.0,0.0,0.0,0.0,0.0,0.0,0.0,1.0,1,45.9,521.9,0.0,0,142.45,664.35,0,0,0,1,0,1,0,0,1,0,0,1,0,0,0,0,1
205,0,80,0,0,322,92596,33.657433,-117.04254,0,56,1,17.33,1.0,1,16.0,0.0,1.0,1.0,1.0,1.0,0.0,0.0,1.0,1,99.9,5706.3,0.0,0,970.48,6676.78,0,0,0,0,0,0,0,1,0,0,1,1,0,0,0,0,1
206,0,41,0,3,77,92021,32.832706,-116.873258,0,25,1,12.87,0.0,0,0.0,0.0,0.0,0.0,0.0,0.0,0.0,0.0,0.0,0,20.05,471.7,0.0,0,321.75,793.45,0,0,1,0,0,0,0,0,1,0,0,0,1,0,0,0,1
207,0,48,0,0,200,92860,33.925833,-117.559639,0,40,1,26.03,0.0,0,0.0,0.0,0.0,0.0,0.0,0.0,0.0,0.0,0.0,0,19.65,830.25,0.0,0,1041.2,1871.45,0,0,0,0,0,0,0,0,0,0,1,0,1,0,0,0,1
208,1,46,0,0,298,95686,38.157794,-121.520223,0,36,1,24.66,1.0,1,22.0,0.0,0.0,0.0,0.0,0.0,1.0,1.0,1.0,1,84.9,3067.2,0.0,0,887.76,3954.96,0,0,0,0,0,0,0,1,1,0,0,1,0,0,1,0,0
209,1,22,0,0,149,93532,34.659579,-118.584212,0,32,1,27.69,1.0,1,73.0,1.0,1.0,0.0,1.0,1.0,1.0,1.0,1.0,1,108.15,3432.9,0.0,0,886.08,4318.98,0,0,1,0,0,0,0,1,1,0,0,0,1,0,1,0,0
210,1,28,1,3,220,90723,33.897122,-118.164432,10,71,1,10.11,1.0,1,59.0,1.0,1.0,1.0,1.0,1.0,1.0,1.0,1.0,0,86.85,6263.8,0.0,0,717.81,6981.61,1,0,0,0,0,0,1,0,0,0,1,1,0,0,0,0,1
211,1,58,1,0,260,92675,33.521447,-117.602555,2,17,1,10.11,1.0,1,2.0,0.0,1.0,1.0,0.0,1.0,1.0,1.0,1.0,1,102.55,1742.5,0.0,0,171.87,1914.37,0,0,0,1,0,0,0,1,1,0,0,1,0,0,0,0,1
212,1,55,1,0,57,95228,37.943954,-120.67108,6,18,1,31.79,0.0,1,19.0,0.0,0.0,1.0,1.0,0.0,0.0,0.0,1.0,0,78.2,1468.75,0.0,0,572.22,2040.97,0,0,0,1,0,0,0,1,1,0,0,1,0,0,0,0,1
213,0,52,0,0,59,91724,34.08111,-117.853935,0,37,1,11.73,1.0,1,30.0,1.0,1.0,1.0,0.0,0.0,0.0,0.0,0.0,0,91.2,3382.3,0.0,0,434.01,3816.31,0,0,0,0,0,0,0,1,1,0,0,1,0,0,0,0,1
214,1,42,0,0,55,95932,39.273096,-122.050763,0,2,1,44.34,0.0,0,0.0,0.0,0.0,0.0,0.0,0.0,0.0,0.0,0.0,0,19.35,46.35,0.0,0,88.68,135.03,0,0,0,0,0,0,0,0,1,0,0,0,1,0,0,1,0
215,0,56,1,2,61,90630,33.818477,-118.038307,6,28,1,12.94,0.0,1,24.0,0.0,0.0,0.0,0.0,0.0,0.0,0.0,1.0,1,70.4,1992.2,0.0,0,362.32,2354.52,0,0,1,0,0,0,0,1,0,1,0,1,0,0,0,0,1
216,1,34,0,0,250,95814,38.584505,-121.491956,0,9,0,0.0,0.0,1,19.0,1.0,1.0,1.0,0.0,0.0,0.0,0.0,1.0,0,39.55,373.0,0.0,0,0.0,373.0,0,0,0,0,1,1,0,0,0,1,0,0,1,0,0,0,1
217,0,63,0,0,150,93534,34.727529,-118.153098,0,1,1,38.33,0.0,1,24.0,1.0,0.0,0.0,0.0,0.0,0.0,0.0,0.0,0,50.15,50.15,0.0,50,38.33,138.48,0,0,0,0,1,0,1,0,1,0,0,1,0,0,0,1,0
218,1,59,1,0,210,92867,33.81859,-117.821288,1,65,1,23.46,0.0,0,0.0,0.0,0.0,0.0,0.0,0.0,0.0,0.0,0.0,1,20.4,1414.45,0.0,0,1524.9,2939.35,0,0,0,0,0,0,0,0,0,0,1,0,1,0,0,0,1
219,0,62,0,0,111,93926,36.52588,-121.396719,0,3,1,15.59,0.0,1,27.0,0.0,0.0,0.0,0.0,0.0,0.0,0.0,1.0,0,44.6,122.7,0.0,0,46.77,169.47,0,0,0,0,0,1,0,0,1,0,0,1,0,0,0,1,0
220,0,31,0,0,162,90045,33.954017,-118.402447,0,1,0,0.0,0.0,1,8.0,0.0,0.0,0.0,0.0,1.0,0.0,0.0,1.0,1,34.7,34.7,0.0,0,0.0,34.7,0,0,0,0,1,0,1,0,1,0,0,1,0,0,1,0,0
221,1,24,1,0,266,92173,32.555828,-117.040073,3,36,1,41.33,0.0,1,41.0,1.0,0.0,0.0,0.0,1.0,1.0,1.0,1.0,1,93.6,3366.05,16.56,0,1487.88,4837.37,0,0,1,0,0,0,0,1,1,0,0,1,0,0,0,0,1
222,1,21,0,0,204,94949,38.067204,-122.524004,0,23,1,38.69,1.0,1,69.0,0.0,0.0,0.0,1.0,1.0,0.0,1.0,1.0,1,90.6,1943.2,4.73,0,889.87,2828.34,0,0,0,0,0,1,0,0,1,0,0,1,0,0,1,0,0
223,1,21,1,3,108,95020,37.03889,-121.528955,9,22,1,42.58,0.0,1,82.0,1.0,1.0,0.0,1.0,0.0,0.0,1.0,1.0,1,57.95,1271.8,0.0,0,936.76,2208.56,0,0,0,1,0,0,1,0,1,0,0,0,1,0,0,0,1
224,0,56,1,0,205,91377,34.19225,-118.776874,1,72,1,4.56,1.0,1,18.0,1.0,1.0,1.0,1.0,1.0,1.0,1.0,1.0,0,112.1,7965.95,18.88,0,328.32,8275.39,0,0,0,0,0,0,0,1,0,0,1,0,1,0,0,0,1
225,0,31,1,0,287,94080,37.654436,-122.426468,7,17,1,17.91,1.0,1,9.0,0.0,0.0,1.0,0.0,1.0,0.0,0.0,1.0,0,88.25,1460.65,0.0,0,304.47,1765.12,0,0,0,0,0,0,0,1,1,0,0,1,0,0,1,0,0
226,0,20,0,0,309,95385,37.609095,-121.263381,0,3,1,10.6,0.0,1,73.0,0.0,0.0,0.0,1.0,0.0,1.0,1.0,1.0,0,85.8,272.2,0.0,0,31.8,304.0,0,0,0,0,0,0,0,1,1,0,0,1,0,0,1,0,0
227,1,31,1,0,259,95117,37.311088,-121.961786,1,58,1,17.22,0.0,1,21.0,1.0,1.0,1.0,0.0,0.0,0.0,0.0,1.0,0,60.3,3563.8,0.0,0,998.76,4562.56,0,1,0,0,0,1,0,0,0,1,0,0,1,0,1,0,0
228,1,60,1,0,295,94089,37.421633,-122.009613,1,67,1,45.25,0.0,1,18.0,1.0,1.0,1.0,0.0,1.0,1.0,1.0,1.0,0,81.35,5398.6,0.0,0,3031.75,8430.35,0,0,0,0,0,0,1,0,0,0,1,0,1,0,0,0,1
229,1,72,0,0,199,92660,33.634626,-117.874882,0,34,1,35.0,0.0,1,12.0,0.0,1.0,1.0,0.0,1.0,1.0,0.0,1.0,1,99.85,3343.15,0.0,0,1190.0,4533.15,0,0,0,0,0,0,0,1,0,1,0,1,0,0,0,0,1
230,1,56,0,0,258,94133,37.802071,-122.411004,0,10,1,4.42,0.0,0,0.0,0.0,0.0,0.0,0.0,0.0,0.0,0.0,0.0,0,20.0,198.7,0.0,0,44.2,242.9,0,0,0,0,0,0,0,0,1,0,0,0,1,0,0,0,1
231,0,42,0,0,289,94305,37.424342,-122.165641,0,69,1,18.47,1.0,1,28.0,1.0,0.0,1.0,1.0,1.0,1.0,1.0,1.0,1,85.35,5897.4,0.0,0,1274.43,7171.83,1,0,0,0,0,0,1,0,0,0,1,0,1,0,0,0,1
232,1,38,0,0,162,90041,34.137412,-118.207607,0,40,0,0.0,0.0,1,19.0,1.0,1.0,1.0,0.0,1.0,1.0,1.0,1.0,0,62.05,2511.55,0.0,0,0.0,2511.55,0,0,0,0,0,1,0,0,0,1,0,0,1,0,0,0,1
233,1,64,0,0,305,95380,37.474396,-120.875917,0,20,1,12.6,0.0,1,29.0,1.0,0.0,1.0,0.0,0.0,1.0,1.0,1.0,0,64.4,1398.6,0.0,0,252.0,1650.6,0,0,0,1,0,0,1,0,1,0,0,0,1,0,0,0,1
234,0,61,1,1,22,90210,34.099891,-118.414338,9,46,1,47.5,0.0,0,0.0,0.0,0.0,0.0,0.0,0.0,0.0,0.0,0.0,0,19.4,967.85,0.0,0,2185.0,3152.85,0,0,0,0,0,0,0,0,0,0,1,0,1,0,0,0,1
235,0,28,1,0,247,92503,33.890046,-117.455583,1,2,1,9.79,0.0,1,41.0,1.0,0.0,0.0,0.0,0.0,0.0,0.0,1.0,1,74.4,139.4,0.0,0,19.58,158.98,0,0,0,0,0,0,0,1,1,0,0,1,0,0,1,0,0
236,0,76,1,2,161,90720,33.79499,-118.065591,1,1,1,15.28,0.0,1,30.0,0.0,0.0,0.0,0.0,0.0,0.0,0.0,1.0,1,70.45,70.45,0.0,0,15.28,85.73,0,0,0,0,1,0,0,1,1,0,0,0,0,1,1,0,0
237,0,44,1,0,103,93710,36.822715,-119.761826,7,72,1,6.58,1.0,1,7.0,1.0,0.0,1.0,0.0,1.0,1.0,1.0,1.0,1,105.0,7589.8,0.0,0,473.76,8063.56,0,0,0,0,0,0,0,1,0,0,1,0,1,0,0,0,1
238,1,28,1,3,86,92025,33.081478,-117.033814,0,70,1,1.22,1.0,0,0.0,0.0,0.0,0.0,0.0,0.0,0.0,0.0,0.0,0,25.15,1790.15,0.0,0,85.4,1875.55,0,0,0,0,0,0,0,0,0,0,1,0,1,0,0,0,1
239,0,34,0,0,107,90247,33.890853,-118.297967,0,2,1,49.91,0.0,0,0.0,0.0,0.0,0.0,0.0,0.0,0.0,0.0,0.0,0,19.3,44.4,0.0,0,99.82,144.22,0,0,0,0,0,0,0,0,1,0,0,0,1,0,0,1,0
240,1,25,0,3,84,92024,33.054579,-117.25665,0,23,1,1.58,0.0,1,47.0,0.0,1.0,0.0,1.0,0.0,0.0,1.0,1.0,1,55.3,1284.2,0.0,0,36.34,1320.54,0,0,0,1,0,0,1,0,1,0,0,1,0,0,0,0,1
241,1,58,1,0,250,95829,38.486502,-121.334051,4,36,1,40.58,1.0,1,12.0,0.0,0.0,0.0,0.0,1.0,1.0,1.0,1.0,1,95.4,3474.2,0.0,0,1460.88,4935.08,0,0,1,0,0,0,0,1,1,0,0,1,0,0,0,0,1
242,1,70,1,0,286,93665,36.959731,-120.653519,0,59,1,10.78,1.0,1,15.0,0.0,0.0,0.0,0.0,1.0,1.0,0.0,1.0,1,93.85,5574.75,8.13,0,636.02,6202.64,0,0,0,0,0,0,0,1,1,0,0,1,0,0,1,0,0
243,1,24,0,0,212,95555,41.336354,-124.044354,0,67,1,47.31,0.0,0,0.0,0.0,0.0,0.0,0.0,0.0,0.0,0.0,0.0,0,20.5,1430.95,0.0,0,3169.77,4600.72,1,0,0,0,0,0,0,0,0,0,1,1,0,0,0,0,1
244,1,22,1,3,259,95118,37.255479,-121.889838,4,72,1,8.33,1.0,1,59.0,1.0,0.0,1.0,0.0,1.0,1.0,1.0,0.0,1,105.55,7542.25,0.0,10,599.76,8152.01,0,0,0,0,0,0,0,1,0,0,1,1,0,0,0,0,1
245,0,22,0,0,79,91732,34.074492,-118.01462,0,37,1,24.04,1.0,1,59.0,0.0,1.0,1.0,0.0,1.0,1.0,1.0,1.0,1,101.9,3545.35,0.0,0,889.48,4434.83,0,0,0,0,0,0,0,1,1,0,0,1,0,0,1,0,0
246,0,36,1,1,288,93962,36.624641,-121.647195,4,72,1,20.56,1.0,0,0.0,0.0,0.0,0.0,0.0,0.0,0.0,0.0,0.0,0,24.45,1709.1,0.0,0,1480.32,3189.42,1,0,0,0,0,0,0,0,0,0,1,1,0,0,0,0,1
247,1,23,1,0,22,90212,34.062095,-118.401508,10,72,1,27.97,0.0,0,0.0,0.0,0.0,0.0,0.0,0.0,0.0,0.0,0.0,0,19.7,1421.9,0.0,0,2013.84,3435.74,1,0,0,0,0,0,0,0,0,0,1,0,1,0,0,0,1
248,1,21,0,2,143,90631,33.940619,-117.9513,0,3,1,14.6,1.0,1,71.0,0.0,0.0,0.0,0.0,0.0,0.0,1.0,1.0,1,74.4,229.55,8.74,0,43.8,264.61,0,0,0,0,1,0,0,1,1,0,0,1,0,0,1,0,0
249,0,75,1,0,311,93277,36.303793,-119.375646,0,54,1,33.49,1.0,1,8.0,0.0,1.0,0.0,0.0,1.0,1.0,1.0,1.0,1,101.5,5373.1,0.0,0,1808.46,7181.56,0,1,0,0,0,0,0,1,0,1,0,0,1,0,1,0,0
250,1,59,1,0,258,94114,37.758085,-122.434801,1,60,1,35.22,1.0,1,16.0,0.0,1.0,1.0,0.0,1.0,0.0,0.0,1.0,1,95.75,5742.9,0.0,0,2113.2,7856.1,0,0,0,0,0,0,0,1,1,0,0,1,0,0,1,0,0
251,0,35,1,0,319,90602,33.972119,-118.020188,8,58,1,37.95,1.0,1,18.0,1.0,1.0,1.0,0.0,1.0,1.0,1.0,1.0,1,110.65,6526.65,0.0,0,2201.1,8727.75,0,1,0,0,0,0,0,1,0,1,0,0,1,0,0,0,1
252,0,64,1,0,160,90822,33.778436,-118.118648,1,31,1,12.03,0.0,1,9.0,0.0,1.0,0.0,0.0,0.0,1.0,1.0,1.0,1,83.85,2674.15,11.37,0,372.93,3035.71,0,0,1,0,0,0,0,1,1,0,0,1,0,0,0,0,1
253,0,62,0,0,292,95215,37.946282,-121.139499,0,3,1,20.1,1.0,1,29.0,0.0,0.0,0.0,0.0,1.0,0.0,0.0,0.0,1,60.25,170.5,0.0,70,60.3,300.8,0,0,0,0,0,0,1,0,1,0,0,1,0,0,0,1,0
254,1,20,0,0,87,92332,34.9436,-115.287901,0,55,1,12.28,0.0,1,48.0,1.0,0.0,1.0,1.0,0.0,0.0,0.0,1.0,1,59.2,3175.85,0.0,0,675.4,3851.25,0,0,0,0,0,0,1,0,0,0,1,1,0,0,0,0,1
255,0,58,0,0,163,95030,37.222842,-121.988727,0,1,1,26.53,0.0,1,30.0,0.0,0.0,0.0,0.0,0.0,0.0,0.0,1.0,0,44.4,44.4,0.0,0,26.53,70.93,0,0,0,0,1,0,1,0,1,0,0,0,1,0,1,0,0
256,1,44,1,0,112,95949,39.099204,-121.137962,1,49,1,14.21,0.0,1,23.0,0.0,1.0,0.0,0.0,1.0,0.0,0.0,1.0,1,85.3,4297.95,0.0,0,696.29,4994.24,0,1,0,0,0,0,0,1,1,0,0,0,1,0,0,0,1
257,1,40,0,0,256,92117,32.825086,-117.199424,0,8,0,0.0,0.0,1,16.0,0.0,0.0,0.0,0.0,0.0,0.0,0.0,1.0,0,25.5,215.2,0.0,0,0.0,215.2,0,0,0,0,0,0,1,0,1,0,0,0,0,1,1,0,0
258,0,72,0,0,311,93291,36.391777,-119.372842,0,39,1,10.03,1.0,1,13.0,0.0,0.0,1.0,0.0,1.0,1.0,0.0,1.0,1,99.75,4036.0,0.0,0,391.17,4427.17,0,0,0,0,0,0,0,1,0,0,1,1,0,0,0,0,1
259,1,43,1,0,259,95112,37.343827,-121.883119,9,66,1,37.71,1.0,1,15.0,1.0,1.0,1.0,0.0,0.0,0.0,0.0,1.0,1,66.1,4428.45,0.0,0,2488.86,6917.31,1,0,0,0,0,0,1,0,0,0,1,0,1,0,0,0,1
260,0,23,1,0,103,93722,36.78979,-119.929894,7,15,1,34.63,0.0,0,0.0,0.0,0.0,0.0,0.0,0.0,0.0,0.0,0.0,0,20.55,295.95,0.0,0,519.45,815.4,0,0,0,0,0,0,0,0,0,1,0,0,1,0,0,0,1
261,1,74,0,0,282,95369,37.521708,-120.426843,0,9,1,7.11,0.0,1,12.0,0.0,0.0,0.0,1.0,0.0,0.0,0.0,1.0,0,49.2,447.9,0.0,0,63.99,511.89,0,0,0,0,0,0,1,0,0,0,1,0,0,1,0,0,1
262,0,54,0,0,85,91316,34.150354,-118.518292,0,1,1,15.51,0.0,0,0.0,0.0,0.0,0.0,0.0,0.0,0.0,0.0,0.0,0,20.9,20.9,0.0,0,15.51,36.41,0,0,0,0,1,0,0,0,1,0,0,0,1,0,1,0,0
263,1,29,0,0,20,90706,33.887676,-118.127289,0,25,1,3.58,0.0,0,0.0,0.0,0.0,0.0,0.0,0.0,0.0,0.0,0.0,1,19.5,516.3,0.0,0,89.5,605.8,0,0,1,0,0,0,0,0,0,1,0,1,0,0,0,0,1
264,1,56,1,0,284,95370,37.982716,-120.343732,9,22,1,48.68,0.0,1,18.0,0.0,0.0,1.0,0.0,1.0,0.0,0.0,1.0,1,87.0,1850.65,0.0,0,1070.96,2921.61,0,0,0,0,0,0,0,1,1,0,0,1,0,0,0,0,1
265,1,40,0,0,123,92346,34.129677,-117.154277,0,15,1,11.75,1.0,1,28.0,0.0,0.0,0.0,0.0,0.0,0.0,0.0,1.0,1,49.0,749.25,0.0,0,176.25,925.5,0,0,0,0,0,0,1,0,1,0,0,1,0,0,0,0,1
266,0,37,1,0,204,94949,38.067204,-122.524004,1,28,1,18.31,0.0,1,13.0,0.0,0.0,0.0,0.0,1.0,1.0,1.0,1.0,1,90.1,2598.95,0.0,0,512.68,3111.63,0,0,0,0,0,0,0,1,0,1,0,1,0,0,1,0,0
267,1,47,0,0,297,92592,33.507255,-117.029473,0,3,1,5.39,0.0,1,10.0,0.0,0.0,0.0,0.0,1.0,1.0,1.0,1.0,0,90.7,237.65,0.0,0,16.17,253.82,0,0,0,0,0,0,0,1,1,0,0,0,1,0,0,1,0
268,0,34,1,0,162,90071,34.052917,-118.255178,3,47,1,38.15,1.0,1,14.0,0.0,0.0,1.0,0.0,1.0,1.0,1.0,1.0,1,100.5,4707.1,0.0,0,1793.05,6500.15,0,1,0,0,0,0,0,1,1,0,0,1,0,0,0,0,1
269,0,21,0,0,160,90805,33.864622,-118.179626,0,67,1,8.71,1.0,1,41.0,1.0,0.0,1.0,1.0,1.0,1.0,1.0,1.0,1,85.25,5714.2,1.31,0,583.57,6296.46,1,0,0,0,0,0,1,0,0,0,1,0,0,1,0,0,1
270,0,78,0,0,86,92027,33.141265,-116.967221,0,18,1,21.09,0.0,1,18.0,0.0,1.0,0.0,0.0,0.0,0.0,0.0,0.0,1,74.7,1294.6,0.0,20,379.62,1694.22,0,0,0,1,0,0,0,1,1,0,0,1,0,0,0,0,1
271,1,47,1,0,122,96113,40.198234,-120.18089,1,62,1,33.7,0.0,1,15.0,0.0,1.0,1.0,1.0,0.0,0.0,0.0,1.0,1,60.15,3753.2,0.0,0,2089.4,5842.6,0,1,0,0,0,1,0,0,0,0,1,0,1,0,0,0,1
272,0,51,0,0,226,94954,38.235021,-122.557332,0,41,1,6.16,1.0,1,12.0,0.0,1.0,1.0,0.0,1.0,1.0,1.0,1.0,1,80.55,3263.9,0.0,0,252.56,3516.46,0,0,0,0,0,0,1,0,0,1,0,1,0,0,0,0,1
273,0,64,0,0,184,93501,35.097323,-118.171288,0,44,1,18.42,1.0,1,22.0,0.0,0.0,0.0,0.0,0.0,0.0,0.0,1.0,1,50.15,2139.1,0.0,0,810.48,2949.58,0,1,0,0,0,0,1,0,1,0,0,0,1,0,0,0,1
274,0,59,0,0,35,96014,41.388397,-122.794636,0,53,1,33.88,0.0,1,6.0,0.0,1.0,1.0,1.0,0.0,1.0,1.0,1.0,1,94.45,5042.75,0.0,0,1795.64,6838.39,0,0,0,0,0,0,0,1,0,1,0,0,1,0,0,0,1
275,1,44,1,0,25,94922,38.343282,-122.9755,4,48,1,33.06,0.0,0,0.0,0.0,0.0,0.0,0.0,0.0,0.0,0.0,0.0,1,20.05,1036.0,0.0,0,1586.88,2622.88,0,0,0,0,0,0,0,0,0,0,1,0,1,0,0,0,1
276,0,79,1,0,67,95316,37.524721,-120.757977,2,54,1,43.71,1.0,1,12.0,1.0,1.0,1.0,1.0,1.0,1.0,0.0,1.0,1,115.6,6431.05,0.0,0,2360.34,8791.39,0,1,0,0,0,0,0,1,0,1,0,1,0,0,0,0,1
277,1,39,0,0,186,93940,36.362741,-121.869685,0,24,1,25.68,1.0,1,6.0,0.0,1.0,0.0,0.0,1.0,1.0,1.0,1.0,1,99.65,2404.85,0.0,0,616.32,3021.17,0,0,1,0,0,0,0,1,1,0,0,1,0,0,0,0,1
278,1,32,0,0,217,94301,37.444314,-122.149996,0,33,1,34.85,0.0,1,27.0,0.0,1.0,0.0,1.0,0.0,0.0,0.0,1.0,0,80.6,2651.1,0.0,0,1150.05,3801.15,0,0,1,0,0,0,0,1,0,0,1,1,0,0,0,0,1
279,1,58,1,0,136,95327,37.84771,-120.486589,1,66,1,42.85,1.0,1,21.0,1.0,1.0,0.0,1.0,1.0,1.0,1.0,1.0,0,85.25,5538.35,0.0,0,2828.1,8366.45,0,0,0,0,0,0,1,0,0,0,1,1,0,0,0,0,1
280,1,19,1,0,106,92843,33.764018,-117.931507,1,63,1,13.45,1.0,1,69.0,1.0,1.0,1.0,0.0,1.0,1.0,1.0,1.0,0,83.5,5435.0,0.0,0,847.35,6282.35,0,0,0,0,0,0,1,0,0,0,1,0,1,0,0,0,1
281,0,45,1,0,206,96069,40.689243,-122.037023,0,23,1,38.81,0.0,1,28.0,0.0,1.0,1.0,1.0,0.0,0.0,0.0,1.0,0,83.8,1900.25,0.0,0,892.63,2792.88,0,0,0,0,0,0,0,1,1,0,0,1,0,0,1,0,0
282,1,26,0,1,168,95653,38.674276,-121.961866,0,52,1,23.12,1.0,0,0.0,0.0,0.0,0.0,0.0,0.0,0.0,0.0,0.0,0,25.6,1334.5,0.0,0,1202.24,2536.74,0,0,0,0,0,0,0,0,0,0,1,0,1,0,0,0,1
283,1,23,0,0,308,91406,34.195685,-118.490752,0,3,1,16.39,0.0,0,0.0,0.0,0.0,0.0,0.0,0.0,0.0,0.0,0.0,1,20.75,67.1,0.0,0,49.17,116.27,0,0,0,0,1,0,0,0,1,0,0,0,1,0,0,1,0
284,1,23,0,0,86,92026,33.21846,-117.116916,0,10,1,30.3,0.0,1,73.0,0.0,0.0,0.0,0.0,0.0,1.0,1.0,0.0,1,56.75,503.25,0.0,30,303.0,836.25,0,0,0,0,0,0,1,0,1,0,0,1,0,0,0,0,1
285,0,39,1,2,43,96104,41.505916,-120.152505,10,72,1,14.17,0.0,0,0.0,0.0,0.0,0.0,0.0,0.0,0.0,0.0,0.0,0,20.1,1460.85,0.0,0,1020.24,2481.09,0,0,0,0,0,0,0,0,0,0,1,1,0,0,0,0,1
286,1,62,0,0,158,90717,33.794209,-118.317354,0,29,1,48.2,0.0,1,19.0,0.0,0.0,1.0,1.0,1.0,1.0,1.0,1.0,1,98.8,2807.1,0.0,0,1397.8,4204.9,0,0,1,0,0,0,0,1,1,0,0,0,1,0,0,0,1
287,0,70,1,0,139,95451,38.93496,-122.792243,8,62,1,22.74,1.0,1,18.0,1.0,0.0,1.0,0.0,1.0,1.0,1.0,1.0,1,104.85,6312.9,0.0,0,1409.88,7722.78,0,1,0,0,0,0,0,1,0,1,0,1,0,0,0,0,1
288,1,34,1,0,211,95662,38.689174,-121.218435,1,41,1,15.91,1.0,1,29.0,0.0,0.0,1.0,0.0,1.0,1.0,1.0,1.0,1,73.0,3001.2,0.0,0,652.31,3653.51,0,0,0,0,0,0,1,0,0,1,0,1,0,0,1,0,0
289,1,47,0,0,230,95364,38.224869,-119.755729,0,43,1,49.13,1.0,1,25.0,0.0,1.0,0.0,0.0,0.0,0.0,0.0,1.0,1,77.85,3365.85,0.0,0,2112.59,5478.44,0,1,0,0,0,0,0,1,1,0,0,1,0,0,1,0,0
290,0,63,0,1,255,92672,33.429488,-117.609432,0,26,1,2.48,0.0,1,19.0,0.0,1.0,1.0,1.0,1.0,1.0,1.0,1.0,1,105.45,2715.3,0.0,0,64.48,2779.78,0,0,1,0,0,0,0,1,0,0,1,1,0,0,0,0,1
291,0,58,1,0,18,95903,39.125311,-121.392283,9,19,1,10.68,0.0,1,23.0,0.0,0.0,1.0,0.0,1.0,1.0,1.0,1.0,1,96.8,1743.05,0.0,0,202.92,1945.97,0,0,0,1,0,0,0,1,1,0,0,1,0,0,0,0,1
292,0,74,0,0,114,95947,40.160386,-120.835428,0,45,1,34.12,1.0,1,15.0,0.0,0.0,1.0,0.0,1.0,1.0,0.0,1.0,1,102.15,4735.35,0.0,0,1535.4,6270.75,0,1,0,0,0,0,0,1,0,1,0,1,0,0,0,0,1
293,1,43,0,0,98,95437,39.455555,-123.683979,0,32,1,15.52,0.0,1,12.0,0.0,0.0,0.0,0.0,1.0,1.0,1.0,1.0,1,64.85,2010.95,0.0,0,496.64,2507.59,0,0,0,0,0,0,1,0,0,1,0,1,0,0,0,0,1
294,1,23,0,0,226,94954,38.235021,-122.557332,0,41,1,41.21,1.0,0,0.0,0.0,0.0,0.0,0.0,0.0,0.0,0.0,0.0,1,25.25,996.45,0.0,0,1689.61,2686.06,0,0,0,0,0,0,0,0,1,0,0,1,0,0,0,0,1
295,1,52,1,2,175,92254,33.543835,-115.993906,4,65,1,36.5,1.0,0,0.0,0.0,0.0,0.0,0.0,0.0,0.0,0.0,0.0,0,24.75,1715.1,0.0,0,2372.5,4087.6,0,0,0,0,0,0,0,0,0,0,1,0,1,0,0,0,1
296,1,37,1,1,300,90504,33.867257,-118.330794,0,55,1,49.06,1.0,1,27.0,1.0,1.0,0.0,0.0,1.0,0.0,0.0,1.0,1,96.75,5238.9,0.0,0,2698.3,7937.2,0,0,0,0,0,0,0,1,1,0,0,1,0,0,1,0,0
297,1,48,1,2,310,92394,34.567058,-117.362329,2,11,1,40.76,0.0,0,0.0,0.0,0.0,0.0,0.0,0.0,0.0,0.0,0.0,0,19.65,225.75,0.0,0,448.36,674.11,0,0,0,1,0,0,0,0,0,0,1,0,1,0,0,0,1
298,0,58,0,0,235,92064,32.984395,-117.013454,0,49,1,7.51,0.0,1,13.0,0.0,0.0,1.0,1.0,1.0,1.0,1.0,1.0,1,74.45,3721.9,0.0,0,367.99,4089.89,0,1,0,0,0,0,1,0,0,0,1,1,0,0,0,0,1
299,1,49,1,0,194,95041,37.051166,-122.056194,1,61,1,15.15,1.0,1,28.0,1.0,0.0,1.0,1.0,1.0,0.0,0.0,1.0,0,99.4,5943.65,0.0,0,924.15,6867.8,0,0,0,0,0,0,0,1,1,0,0,1,0,0,0,0,1
300,1,49,1,2,268,93109,34.406256,-119.726936,5,25,1,19.09,0.0,0,0.0,0.0,0.0,0.0,0.0,0.0,0.0,0.0,0.0,1,19.15,477.6,0.0,0,477.25,954.85,0,0,0,0,0,0,0,0,1,0,0,0,1,0,0,0,1
301,0,41,0,0,296,95983,40.053684,-120.743116,0,1,1,8.31,0.0,1,27.0,0.0,0.0,0.0,0.0,0.0,0.0,0.0,1.0,1,69.5,69.5,0.0,0,8.31,77.81,0,0,0,0,0,0,0,1,1,0,0,1,0,0,1,0,0
302,0,61,0,3,142,95550,40.7666,-123.80458,0,23,1,25.85,0.0,1,53.0,0.0,0.0,0.0,1.0,0.0,0.0,0.0,1.0,1,49.45,1119.35,0.0,0,594.55,1713.9,0,0,0,1,0,1,0,0,0,1,0,1,0,0,0,0,1
303,1,28,0,0,229,91962,32.800671,-116.483363,0,21,1,28.54,1.0,1,42.0,0.0,0.0,0.0,0.0,0.0,0.0,1.0,1.0,1,73.7,1558.7,0.0,0,599.34,2158.04,0,0,0,1,0,0,0,1,1,0,0,1,0,0,0,0,1
304,0,39,0,0,273,95401,38.460517,-122.790335,0,1,1,33.88,0.0,1,26.0,0.0,0.0,0.0,0.0,0.0,1.0,1.0,1.0,1,79.7,79.7,0.0,0,33.88,113.58,0,0,0,0,0,0,0,1,1,0,0,1,0,0,1,0,0
305,1,78,1,0,157,94021,37.266388,-122.26308,1,5,1,6.66,1.0,1,14.0,0.0,0.0,1.0,0.0,0.0,0.0,0.0,0.0,1,-1.0,343.95,0.0,20,33.3,397.25,0,0,0,0,0,0,0,1,1,0,0,1,0,0,1,0,0
306,1,61,1,0,17,95914,39.396585,-121.38029,10,24,1,32.86,0.0,1,30.0,1.0,0.0,0.0,1.0,1.0,1.0,1.0,1.0,0,74.4,1712.9,0.0,0,788.64,2501.54,0,0,1,0,0,1,0,0,0,1,0,1,0,0,0,0,1
307,0,72,0,0,117,95637,38.830739,-122.196202,0,27,1,16.94,1.0,1,11.0,0.0,0.0,1.0,0.0,0.0,1.0,0.0,1.0,0,88.3,2467.75,0.0,0,457.38,2925.13,0,0,0,0,0,0,0,1,1,0,0,0,1,0,1,0,0
308,0,41,1,0,247,92508,33.885499,-117.324959,7,70,1,11.71,0.0,0,0.0,0.0,0.0,0.0,0.0,0.0,0.0,0.0,0.0,0,19.8,1397.65,0.0,0,819.7,2217.35,1,0,0,0,0,0,0,0,0,0,1,1,0,0,0,0,1
309,0,78,0,0,237,95742,38.591134,-121.161585,0,5,1,42.33,0.0,1,9.0,0.0,0.0,1.0,0.0,0.0,0.0,0.0,1.0,1,75.55,349.65,0.0,0,211.65,561.3,0,0,0,0,0,0,0,1,1,0,0,0,1,0,1,0,0
310,1,54,1,1,293,93666,36.545353,-119.338535,1,46,1,45.92,0.0,0,0.0,0.0,0.0,0.0,0.0,0.0,0.0,0.0,0.0,1,20.2,917.45,0.0,0,2112.32,3029.77,0,0,0,0,0,0,0,0,0,0,1,0,1,0,0,0,1
311,0,33,1,1,99,92310,35.349241,-116.770281,5,2,1,29.03,0.0,1,10.0,0.0,0.0,0.0,0.0,0.0,0.0,0.0,1.0,1,71.65,135.75,0.0,0,58.06,193.81,0,0,0,0,0,0,0,1,1,0,0,1,0,0,0,1,0
312,0,32,1,3,144,91941,32.759327,-116.99726,9,57,1,26.67,0.0,0,0.0,0.0,0.0,0.0,0.0,0.0,0.0,0.0,0.0,1,20.1,1087.7,0.0,0,1520.19,2607.89,0,1,0,0,0,0,0,0,0,0,1,1,0,0,0,0,1
313,0,41,0,0,38,95923,40.171312,-121.120605,0,1,1,10.19,0.0,1,9.0,0.0,0.0,0.0,0.0,0.0,0.0,0.0,1.0,0,71.1,71.1,0.0,0,10.19,81.29,0,0,0,0,1,0,0,1,1,0,0,0,0,1,1,0,0
314,0,74,1,0,219,92060,33.309852,-116.823091,3,60,1,27.68,1.0,1,26.0,0.0,0.0,1.0,0.0,1.0,1.0,0.0,1.0,1,100.5,6029.0,0.0,0,1660.8,7689.8,0,0,0,0,0,0,0,1,0,1,0,0,1,0,0,0,1
315,1,57,1,0,239,92091,32.99356,-117.207121,6,37,1,4.5,1.0,1,9.0,1.0,0.0,1.0,1.0,0.0,0.0,0.0,1.0,1,62.8,2278.75,16.97,0,166.5,2428.28,0,0,0,0,0,0,1,0,0,0,1,0,1,0,0,0,1
316,1,42,0,0,259,95116,37.350284,-121.852855,0,1,1,42.87,0.0,1,8.0,0.0,0.0,0.0,0.0,0.0,0.0,0.0,0.0,1,70.45,70.45,0.0,10,42.87,123.32,0,0,0,0,0,0,0,1,1,0,0,0,1,0,1,0,0
317,1,39,1,2,299,90290,34.115192,-118.61017,8,28,1,7.73,0.0,1,13.0,0.0,1.0,1.0,0.0,1.0,1.0,1.0,1.0,0,100.35,2799.0,0.0,0,216.44,3015.44,0,0,0,0,0,0,0,1,0,1,0,1,0,0,0,0,1
318,0,78,0,0,39,95607,38.681651,-122.130569,0,24,1,18.39,0.0,0,0.0,0.0,0.0,0.0,0.0,0.0,0.0,0.0,0.0,1,20.3,459.95,0.0,0,441.36,901.31,0,0,0,0,0,0,0,0,0,0,1,0,1,0,0,0,1
319,0,27,0,0,214,93033,34.156629,-119.117218,0,62,1,23.88,1.0,1,47.0,1.0,1.0,1.0,0.0,0.0,0.0,0.0,1.0,1,92.05,5755.8,14.21,0,1480.56,7222.15,0,0,0,0,0,0,0,1,0,1,0,1,0,0,0,0,1
320,0,39,0,0,290,90680,33.801869,-117.995068,0,18,1,8.95,0.0,0,0.0,0.0,0.0,0.0,0.0,0.0,0.0,0.0,0.0,0,20.15,390.85,0.0,0,161.1,551.95,0,0,0,1,0,0,0,0,0,1,0,1,0,0,1,0,0
321,0,21,0,0,250,95818,38.556306,-121.495817,0,5,1,3.61,0.0,1,69.0,1.0,0.0,0.0,1.0,0.0,0.0,0.0,1.0,0,54.2,308.25,0.0,0,18.05,326.3,0,0,0,0,0,0,1,0,1,0,0,1,0,0,1,0,0
322,0,58,1,3,292,95219,38.029729,-121.387999,9,20,1,42.46,0.0,0,0.0,0.0,0.0,0.0,0.0,0.0,0.0,0.0,0.0,0,20.35,442.6,0.0,0,849.2,1291.8,0,0,0,0,0,0,0,0,1,0,0,0,1,0,0,0,1
323,0,56,0,0,93,95018,37.089111,-122.062213,0,1,1,26.0,0.0,1,8.0,0.0,0.0,0.0,0.0,0.0,0.0,0.0,1.0,0,70.75,70.75,0.0,0,26.0,96.75,0,0,0,0,0,0,0,1,1,0,0,0,0,1,1,0,0
324,1,26,0,0,154,96052,40.704293,-122.803899,0,35,1,39.84,0.0,1,48.0,0.0,1.0,1.0,0.0,1.0,1.0,1.0,1.0,1,102.35,3626.1,0.0,0,1394.4,5020.5,0,0,0,0,0,0,0,1,0,1,0,1,0,0,1,0,0
325,0,78,0,0,294,91352,34.231053,-118.338307,0,52,0,0.0,0.0,1,23.0,0.0,1.0,1.0,1.0,1.0,0.0,0.0,1.0,1,50.5,2566.3,0.0,0,0.0,2566.3,0,0,0,0,0,0,1,0,0,0,1,1,0,0,0,0,1
326,0,25,1,0,9,92539,33.527605,-116.666551,1,30,1,4.82,1.0,1,41.0,0.0,0.0,0.0,0.0,0.0,1.0,1.0,1.0,1,85.0,2624.25,0.0,0,144.6,2768.85,0,0,1,0,0,0,0,1,1,0,0,1,0,0,1,0,0
327,1,36,1,0,19,90201,33.970343,-118.171368,7,72,0,0.0,0.0,1,17.0,1.0,1.0,1.0,0.0,0.0,0.0,0.0,1.0,0,42.1,2962.0,0.0,0,0.0,2962.0,1,0,0,0,0,1,0,0,0,0,1,1,0,0,0,0,1
328,1,70,0,0,97,95942,40.077028,-121.494168,0,15,1,46.38,1.0,1,19.0,0.0,0.0,0.0,0.0,0.0,0.0,0.0,1.0,0,75.65,1146.65,0.0,0,695.7,1842.35,0,0,0,1,0,0,0,1,1,0,0,1,0,0,1,0,0
329,1,36,0,2,137,91935,32.695681,-116.798386,0,70,1,26.67,1.0,1,17.0,1.0,1.0,1.0,1.0,1.0,1.0,1.0,1.0,1,114.6,7882.5,0.0,0,1866.9,9749.4,1,0,0,0,0,0,0,1,0,0,1,1,0,0,0,0,1
330,1,37,0,2,15,91702,34.174493,-117.87068,0,66,1,32.12,1.0,1,17.0,1.0,1.0,0.0,1.0,0.0,0.0,0.0,1.0,0,65.7,4378.9,0.0,0,2119.92,6498.82,0,0,0,0,0,0,1,0,0,0,1,1,0,0,0,0,1
331,1,68,1,0,91,92028,33.362575,-117.299644,6,55,1,42.9,1.0,1,27.0,0.0,0.0,0.0,0.0,0.0,0.0,0.0,1.0,1,74.0,4052.4,0.0,0,2359.5,6411.9,0,0,0,0,0,0,0,1,0,0,1,1,0,0,0,0,1
332,1,72,1,0,188,96065,40.877552,-121.885884,2,57,1,48.16,1.0,1,10.0,0.0,1.0,1.0,0.0,1.0,0.0,0.0,1.0,1,71.1,4140.1,0.0,0,2745.12,6885.22,0,0,0,0,0,0,1,0,0,1,0,0,1,0,0,0,1
333,0,34,1,0,156,95242,38.128087,-121.4078,9,72,1,44.2,1.0,1,2.0,1.0,1.0,1.0,0.0,1.0,1.0,1.0,1.0,1,109.55,8165.1,0.0,0,3182.4,11347.5,0,0,0,0,0,0,0,1,0,0,1,1,0,0,0,0,1
334,0,27,1,0,153,95585,39.873371,-123.741474,3,28,1,42.33,0.0,0,0.0,0.0,0.0,0.0,0.0,0.0,0.0,0.0,0.0,0,20.5,563.05,0.0,0,1185.24,1748.29,0,0,0,0,0,0,0,0,1,0,0,0,1,0,0,0,1
335,1,48,1,0,248,95975,39.225634,-121.156163,8,54,1,14.18,0.0,1,25.0,1.0,1.0,0.0,0.0,1.0,1.0,1.0,1.0,1,74.55,4191.45,0.0,0,765.72,4957.17,0,0,0,0,0,0,1,0,0,0,1,1,0,0,0,0,1
336,1,66,1,2,226,94952,38.237018,-122.77872,6,24,1,4.06,1.0,1,28.0,1.0,0.0,0.0,0.0,0.0,0.0,0.0,1.0,1,79.85,1857.75,0.0,0,97.44,1955.19,0,0,1,0,0,0,0,1,0,0,1,1,0,0,0,0,1
337,0,59,1,0,126,95325,37.479926,-120.230424,6,2,1,48.39,0.0,1,24.0,1.0,0.0,0.0,0.0,0.0,1.0,1.0,1.0,1,62.15,113.1,0.0,0,96.78,209.88,0,0,0,0,1,1,0,0,1,0,0,0,0,1,0,1,0
338,1,19,0,2,71,95620,38.392821,-121.799917,0,12,1,19.38,0.0,0,0.0,0.0,0.0,0.0,0.0,0.0,0.0,0.0,0.0,0,21.05,235.8,0.0,0,232.56,468.36,0,0,0,1,0,0,0,0,1,0,0,0,1,0,0,0,1
339,1,69,0,0,95,96029,39.84784,-122.544556,0,51,1,24.92,1.0,1,11.0,0.0,1.0,0.0,0.0,0.0,0.0,0.0,1.0,1,79.6,3974.7,16.73,0,1270.92,5228.89,0,0,0,0,0,0,0,1,0,1,0,1,0,0,0,0,1
340,1,26,0,0,147,94549,37.907777,-122.127161,0,58,1,47.47,0.0,1,69.0,0.0,1.0,1.0,1.0,1.0,0.0,0.0,1.0,0,70.1,4048.95,0.0,0,2753.26,6802.21,0,1,0,0,0,0,1,0,0,0,1,1,0,0,0,0,1
341,0,43,1,0,22,90210,34.099891,-118.414338,2,18,1,44.97,0.0,1,7.0,0.0,0.0,1.0,1.0,0.0,0.0,0.0,1.0,1,54.4,957.1,0.0,0,809.46,1766.56,0,0,0,1,0,1,0,0,0,1,0,0,1,0,0,0,1
342,0,44,1,0,233,94588,37.685052,-121.912061,6,29,1,49.96,0.0,0,0.0,0.0,0.0,0.0,0.0,0.0,0.0,0.0,0.0,1,19.55,521.8,0.0,0,1448.84,1970.64,0,0,1,0,0,0,0,0,0,0,1,0,1,0,0,0,1
343,0,61,1,3,318,96096,40.637105,-121.906949,9,72,1,21.84,1.0,1,30.0,1.0,1.0,0.0,1.0,1.0,0.0,0.0,1.0,0,74.55,5430.65,0.0,0,1572.48,7003.13,0,0,0,0,0,0,1,0,0,0,1,0,1,0,0,0,1
344,1,39,1,1,2,94502,37.724817,-122.224363,9,71,1,18.99,1.0,0,0.0,0.0,0.0,0.0,0.0,0.0,0.0,0.0,0.0,0,23.9,1626.4,0.0,0,1348.29,2974.69,1,0,0,0,0,0,0,0,0,0,1,0,1,0,0,0,1
345,0,62,0,0,121,95638,38.313447,-121.123886,0,70,0,0.0,0.0,1,11.0,1.0,1.0,1.0,1.0,0.0,0.0,0.0,1.0,1,44.6,3058.15,0.0,0,0.0,3058.15,1,0,0,0,0,0,1,0,0,0,1,1,0,0,0,0,1
346,1,45,0,0,116,95446,38.52576,-123.013347,0,9,1,19.22,1.0,1,10.0,0.0,0.0,0.0,0.0,1.0,1.0,1.0,1.0,1,95.5,829.1,0.0,0,172.98,1002.08,0,0,0,0,0,0,0,1,1,0,0,1,0,0,1,0,0
347,0,28,1,2,131,91932,32.579134,-117.119009,5,20,1,38.71,1.0,1,48.0,0.0,0.0,1.0,1.0,0.0,1.0,1.0,1.0,1,95.5,1916.2,0.0,0,774.2,2690.4,0,0,0,0,0,0,0,1,1,0,0,1,0,0,0,0,1
348,1,51,0,0,256,92117,32.825086,-117.199424,0,69,1,29.38,1.0,1,9.0,1.0,1.0,1.0,1.0,0.0,1.0,1.0,1.0,1,78.6,5356.45,0.0,0,2027.22,7383.67,1,0,0,0,0,0,1,0,0,1,0,0,1,0,1,0,0
349,0,38,0,0,24,93606,36.798882,-120.019511,0,7,1,15.84,0.0,1,14.0,1.0,1.0,1.0,0.0,0.0,0.0,0.0,1.0,0,61.4,438.9,0.0,0,110.88,549.78,0,0,0,0,0,0,1,0,1,0,0,1,0,0,0,0,1
350,0,19,1,1,162,90049,34.091829,-118.491244,7,69,0,0.0,0.0,1,59.0,1.0,0.0,1.0,0.0,0.0,1.0,1.0,1.0,1,43.95,2960.1,0.0,0,0.0,2960.1,0,0,0,0,0,0,1,0,0,0,1,0,1,0,0,0,1
351,1,34,1,1,258,94112,37.720498,-122.443119,1,5,1,40.05,1.0,0,0.0,0.0,0.0,0.0,0.0,0.0,0.0,0.0,0.0,1,25.9,135.0,0.0,0,200.25,335.25,0,0,0,0,1,0,0,0,1,0,0,1,0,0,1,0,0
352,0,38,0,0,6,96007,40.448632,-122.306657,0,9,1,32.57,0.0,1,13.0,0.0,1.0,1.0,0.0,0.0,0.0,0.0,1.0,0,80.55,653.9,2.28,0,293.13,944.75,0,0,0,0,0,0,0,1,1,0,0,1,0,0,0,0,1
353,0,32,1,1,46,96020,40.243494,-121.154733,10,46,1,49.26,1.0,1,18.0,1.0,0.0,1.0,1.0,0.0,1.0,1.0,1.0,0,99.65,4630.2,9.35,0,2265.96,6886.81,0,1,0,0,0,0,0,1,0,0,1,0,1,0,0,0,1
354,1,76,1,0,124,95324,37.394536,-120.890747,10,60,1,17.05,0.0,1,21.0,0.0,1.0,1.0,0.0,1.0,1.0,0.0,1.0,1,97.95,5867.0,0.0,0,1023.0,6890.0,0,1,0,0,0,0,0,1,0,1,0,1,0,0,0,0,1
355,1,70,1,0,221,93648,36.622237,-119.521126,1,27,1,39.49,1.0,1,7.0,0.0,1.0,1.0,0.0,0.0,1.0,1.0,1.0,1,95.55,2510.2,0.0,0,1066.23,3576.43,0,0,0,0,0,0,0,1,1,0,0,1,0,0,1,0,0
356,0,19,1,0,259,95133,37.371862,-121.860349,2,16,1,27.83,1.0,1,52.0,1.0,1.0,1.0,0.0,0.0,0.0,1.0,1.0,0,90.7,1374.9,0.0,0,445.28,1820.18,0,0,0,1,0,0,0,1,1,0,0,1,0,0,0,0,1
357,0,23,1,0,276,92273,32.790282,-115.689559,4,22,1,4.01,0.0,1,53.0,0.0,1.0,0.0,0.0,0.0,1.0,1.0,1.0,0,83.3,1845.9,0.0,0,88.22,1934.12,0,0,0,0,0,1,0,0,1,0,0,1,0,0,1,0,0
358,0,21,1,1,247,92503,33.890046,-117.455583,7,41,1,14.73,1.0,1,82.0,1.0,1.0,1.0,0.0,0.0,1.0,1.0,1.0,1,101.6,3930.55,0.0,0,603.93,4534.48,0,1,0,0,0,0,0,1,0,1,0,1,0,0,0,0,1
359,0,76,0,0,223,95946,39.203817,-121.19584,0,4,1,35.67,0.0,1,8.0,0.0,1.0,0.0,0.0,0.0,0.0,0.0,1.0,0,72.75,317.75,0.0,0,142.68,460.43,0,0,0,0,0,0,0,1,0,0,1,1,0,0,0,0,1
360,0,63,0,0,259,95148,37.339533,-121.777179,0,24,1,44.09,1.0,1,9.0,0.0,0.0,1.0,0.0,1.0,0.0,0.0,1.0,1,88.95,2072.75,0.0,0,1058.16,3130.91,0,0,1,0,0,0,0,1,1,0,0,0,1,0,0,0,1
361,0,43,0,0,16,93304,35.339796,-119.023552,0,38,1,43.19,0.0,0,0.0,0.0,0.0,0.0,0.0,0.0,0.0,0.0,0.0,0,20.3,743.05,0.0,0,1641.22,2384.27,0,0,0,0,0,0,0,0,0,0,1,0,1,0,0,0,1
362,0,48,0,0,320,95988,39.493991,-122.286363,0,8,1,37.79,0.0,1,25.0,1.0,0.0,0.0,0.0,0.0,0.0,0.0,0.0,1,49.85,365.55,13.01,10,302.32,664.86,0,0,0,0,0,1,0,0,1,0,0,1,0,0,1,0,0
363,1,35,1,3,172,95655,38.549822,-121.266725,1,13,1,40.2,0.0,0,0.0,0.0,0.0,0.0,0.0,0.0,0.0,0.0,0.0,1,19.85,252.0,0.0,0,522.6,774.6,0,0,0,1,0,0,0,0,1,0,0,0,1,0,0,0,1
364,1,21,1,1,89,94930,37.971751,-122.611873,0,64,1,34.58,1.0,1,27.0,1.0,1.0,1.0,0.0,0.0,0.0,0.0,1.0,1,91.8,5960.5,0.0,0,2213.12,8173.62,0,0,0,0,0,0,0,1,1,0,0,1,0,0,0,0,1
365,0,32,1,0,130,95547,40.557314,-124.081662,1,62,1,48.58,0.0,1,13.0,0.0,1.0,1.0,0.0,1.0,1.0,1.0,1.0,1,100.15,6283.3,0.0,0,3011.96,9295.26,0,0,0,0,0,0,0,1,1,0,0,1,0,0,1,0,0
366,0,51,1,0,113,95444,38.434362,-122.86891,0,20,1,43.49,0.0,1,28.0,0.0,0.0,0.0,0.0,0.0,0.0,0.0,1.0,1,69.8,1540.35,0.0,0,869.8,2410.15,0,0,0,0,0,0,0,1,1,0,0,1,0,0,0,0,1
367,1,53,1,0,277,93263,35.490705,-119.286833,1,14,0,0.0,0.0,1,12.0,0.0,0.0,0.0,0.0,1.0,1.0,1.0,1.0,0,46.35,667.7,0.0,0,0.0,667.7,0,0,0,1,0,0,1,0,1,0,0,1,0,0,1,0,0
368,0,21,0,0,91,92028,33.362575,-117.299644,0,57,1,36.14,0.0,1,48.0,0.0,1.0,1.0,1.0,1.0,0.0,1.0,1.0,0,69.75,3894.4,0.0,0,2059.98,5954.38,0,0,0,0,0,1,0,0,0,0,1,0,0,1,0,0,1
369,1,41,0,1,319,90601,34.007353,-118.033683,0,12,1,27.07,0.0,1,29.0,1.0,0.0,0.0,0.0,1.0,1.0,1.0,1.0,1,69.85,837.5,0.0,0,324.84,1162.34,0,0,0,1,0,1,0,0,1,0,0,0,0,1,0,0,1
370,0,40,1,2,265,93452,35.746484,-121.223355,0,59,1,42.37,1.0,0,0.0,0.0,0.0,0.0,0.0,0.0,0.0,0.0,0.0,0,25.45,1534.05,0.0,0,2499.83,4033.88,0,1,0,0,0,0,0,0,0,0,1,0,1,0,0,0,1
371,0,40,1,0,42,94552,37.722727,-122.02157,4,59,1,8.28,0.0,1,22.0,0.0,1.0,0.0,1.0,1.0,1.0,1.0,1.0,1,75.95,4542.35,0.0,0,488.52,5030.87,0,1,0,0,0,0,1,0,0,0,1,0,1,0,0,0,1
372,1,62,0,0,209,95961,39.082568,-121.55325,0,53,1,26.21,0.0,0,0.0,0.0,0.0,0.0,0.0,0.0,0.0,0.0,0.0,0,19.75,1052.35,0.0,0,1389.13,2441.48,0,1,0,0,0,0,0,0,0,0,1,1,0,0,1,0,0
373,1,33,1,0,236,92066,33.215251,-116.53633,3,45,1,39.82,1.0,1,13.0,0.0,1.0,1.0,0.0,1.0,1.0,1.0,1.0,0,78.75,3600.65,0.0,0,1791.9,5392.55,0,0,0,0,0,0,1,0,0,1,0,0,1,0,0,0,1
374,1,55,1,0,76,93621,36.789213,-119.140338,5,50,1,1.87,0.0,0,0.0,0.0,0.0,0.0,0.0,0.0,0.0,0.0,0.0,0,19.8,1013.2,0.0,0,93.5,1106.7,0,1,0,0,0,0,0,0,0,0,1,1,0,0,0,0,1
375,1,35,1,0,56,95427,39.239818,-123.565432,1,20,1,18.05,0.0,1,5.0,0.0,0.0,0.0,0.0,1.0,1.0,1.0,1.0,1,89.0,1820.45,0.0,0,361.0,2181.45,0,0,0,1,0,0,0,1,1,0,0,0,1,0,1,0,0
376,0,77,0,0,312,92084,33.22784,-117.200024,0,1,0,0.0,0.0,1,15.0,0.0,0.0,0.0,0.0,0.0,0.0,0.0,1.0,0,25.25,25.25,0.0,0,0.0,25.25,0,0,0,0,1,0,1,0,1,0,0,1,0,0,1,0,0
377,0,38,1,3,285,95073,37.023669,-121.946461,1,70,1,38.63,0.0,0,0.0,0.0,0.0,0.0,0.0,0.0,0.0,0.0,0.0,1,19.2,1401.4,0.0,0,2704.1,4105.5,0,0,0,0,0,0,0,0,0,0,1,0,1,0,0,0,1
378,1,74,1,0,278,96019,40.692523,-122.369876,1,1,0,0.0,0.0,1,18.0,0.0,0.0,0.0,0.0,0.0,0.0,0.0,1.0,0,25.05,25.05,0.0,0,0.0,25.05,0,0,0,0,1,1,0,0,1,0,0,1,0,0,1,0,0
379,0,61,1,0,202,91343,34.238802,-118.482296,5,64,0,0.0,0.0,1,27.0,1.0,0.0,1.0,1.0,0.0,1.0,1.0,1.0,0,47.85,3147.5,0.0,0,0.0,3147.5,0,0,0,0,0,0,1,0,0,0,1,1,0,0,1,0,0
380,1,62,0,0,237,95670,38.602723,-121.279913,0,49,1,19.08,1.0,1,24.0,0.0,0.0,0.0,0.0,0.0,0.0,0.0,0.0,0,75.2,3678.3,0.0,20,934.92,4633.22,0,0,0,0,0,0,0,1,1,0,0,0,1,0,1,0,0
381,1,60,0,0,313,93280,35.652242,-119.4464,0,28,1,44.28,0.0,1,5.0,1.0,0.0,0.0,0.0,0.0,0.0,0.0,1.0,1,74.9,2068.55,0.0,0,1239.84,3308.39,0,0,1,0,0,0,0,1,1,0,0,1,0,0,1,0,0
382,0,47,0,0,222,91103,34.167465,-118.165327,0,13,1,34.18,0.0,1,19.0,0.0,0.0,0.0,0.0,1.0,0.0,0.0,1.0,1,81.9,1028.9,0.0,0,444.34,1473.24,0,0,0,0,0,0,0,1,1,0,0,0,1,0,0,0,1
383,1,41,1,1,206,96069,40.689243,-122.037023,1,4,1,39.04,0.0,0,0.0,0.0,0.0,0.0,0.0,0.0,0.0,0.0,0.0,0,18.85,84.2,0.0,0,156.16,240.36,0,0,0,0,1,0,0,0,1,0,0,0,1,0,0,0,1
384,0,62,0,0,57,95228,37.943954,-120.67108,0,53,1,10.32,0.0,0,0.0,0.0,0.0,0.0,0.0,0.0,0.0,0.0,0.0,0,18.7,1005.7,0.0,0,546.96,1552.66,0,1,0,0,0,0,0,0,0,0,1,0,0,1,0,0,1
385,0,54,1,0,135,92618,33.667145,-117.732135,1,63,1,21.15,1.0,1,24.0,0.0,1.0,0.0,0.0,0.0,0.0,0.0,1.0,1,81.55,5029.05,0.0,0,1332.45,6361.5,0,1,0,0,0,0,0,1,1,0,0,1,0,0,0,0,1
386,0,41,0,0,203,91602,34.15136,-118.364786,0,10,0,0.0,0.0,1,29.0,0.0,0.0,0.0,1.0,0.0,0.0,0.0,1.0,1,29.6,299.05,0.0,0,0.0,299.05,0,0,0,1,0,1,0,0,0,0,1,0,0,1,0,0,1
387,1,29,1,0,173,90270,33.988572,-118.186565,0,56,1,48.87,0.0,0,0.0,0.0,0.0,0.0,0.0,0.0,0.0,0.0,0.0,0,19.95,1126.75,0.0,0,2736.72,3863.47,0,0,0,0,0,0,0,0,0,1,0,0,1,0,0,0,1
388,1,28,0,0,198,91321,34.370378,-118.504118,0,10,1,34.44,0.0,1,69.0,0.0,0.0,0.0,0.0,0.0,0.0,1.0,1.0,1,45.55,402.6,0.0,0,344.4,747.0,0,0,0,1,0,1,0,0,1,0,0,1,0,0,1,0,0
389,1,50,0,0,195,95247,38.147852,-120.440124,0,65,1,2.72,1.0,1,16.0,1.0,0.0,0.0,1.0,0.0,1.0,1.0,0.0,0,93.55,6069.25,0.0,30,176.8,6276.05,0,1,0,0,0,0,0,1,0,1,0,1,0,0,0,0,1
390,0,63,0,0,255,92673,33.4725,-117.584273,0,1,1,16.42,0.0,1,21.0,1.0,0.0,0.0,0.0,0.0,0.0,0.0,1.0,1,48.45,48.45,0.0,0,16.42,64.87,0,0,0,0,0,1,0,0,1,0,0,1,0,0,0,1,0
391,0,77,0,0,256,92122,32.85723,-117.209774,0,21,0,0.0,0.0,1,8.0,1.0,0.0,0.0,0.0,1.0,0.0,0.0,1.0,1,-10.0,840.1,0.0,0,0.0,840.1,0,0,0,0,0,1,0,0,1,0,0,1,0,0,1,0,0
392,0,40,1,1,94,95536,40.4785,-124.301372,5,29,1,34.44,0.0,0,0.0,0.0,0.0,0.0,0.0,0.0,0.0,0.0,0.0,0,20.2,558.8,0.0,0,998.76,1557.56,0,0,1,0,0,0,0,0,0,0,1,0,1,0,0,0,1
393,0,55,1,0,10,95521,40.839958,-124.003757,7,72,1,37.98,1.0,0,0.0,0.0,0.0,0.0,0.0,0.0,0.0,0.0,0.0,1,24.15,1776.45,0.0,0,2734.56,4511.01,0,0,0,0,0,0,0,0,0,0,1,0,1,0,0,0,1
394,1,49,1,0,297,92592,33.507255,-117.029473,1,22,1,19.8,0.0,1,17.0,1.0,0.0,1.0,1.0,1.0,0.0,0.0,1.0,1,67.5,1544.05,0.0,0,435.6,1979.65,0,0,0,0,0,1,0,0,0,1,0,1,0,0,1,0,0
395,1,33,1,0,44,95307,37.553469,-120.952825,0,40,1,23.74,1.0,1,22.0,0.0,1.0,0.0,1.0,1.0,0.0,0.0,1.0,0,70.75,2921.75,0.0,0,949.6,3871.35,0,1,0,0,0,0,1,0,0,1,0,0,1,0,0,0,1
396,1,30,0,0,82,95758,38.35363,-121.44195,0,2,1,17.22,1.0,1,30.0,0.0,0.0,0.0,0.0,0.0,0.0,0.0,1.0,1,76.5,162.45,0.0,0,34.44,196.89,0,0,0,0,1,0,0,1,1,0,0,1,0,0,1,0,0
397,0,39,0,0,73,96024,40.586588,-122.903677,0,16,1,18.99,1.0,1,30.0,0.0,1.0,1.0,0.0,0.0,1.0,1.0,1.0,1,95.6,1555.65,0.0,0,303.84,1859.49,0,0,0,1,0,0,0,1,1,0,0,0,1,0,1,0,0
398,0,28,0,0,317,92282,33.972293,-116.654195,0,67,1,37.5,1.0,1,30.0,1.0,1.0,1.0,0.0,1.0,0.0,0.0,1.0,1,102.95,6886.25,0.0,0,2512.5,9398.75,1,0,0,0,0,0,0,1,1,0,0,0,1,0,1,0,0
399,1,19,1,1,281,95977,39.176595,-121.291692,3,72,1,5.7,0.0,0,0.0,0.0,0.0,0.0,0.0,0.0,0.0,0.0,0.0,0,21.0,1493.75,0.0,0,410.4,1904.15,1,0,0,0,0,0,0,0,0,0,1,1,0,0,0,0,1
400,1,61,0,0,53,93614,37.212191,-119.749323,0,3,1,44.97,0.0,1,16.0,1.0,0.0,0.0,1.0,0.0,0.0,0.0,0.0,1,82.3,214.4,0.0,20,134.91,369.31,0,0,0,0,0,0,0,1,1,0,0,0,1,0,0,1,0
401,1,69,0,0,176,95348,37.40122,-120.514191,0,4,1,6.18,0.0,1,12.0,0.0,0.0,0.0,0.0,0.0,0.0,0.0,1.0,1,70.65,293.85,0.0,0,24.72,318.57,0,0,0,0,1,0,0,1,1,0,0,1,0,0,0,0,1
402,0,71,0,0,0,92536,33.482243,-116.827173,0,18,1,7.51,0.0,1,24.0,0.0,1.0,0.0,0.0,0.0,0.0,0.0,1.0,1,73.55,1359.45,0.0,0,135.18,1494.63,0,0,0,0,0,0,0,1,0,0,1,1,0,0,0,0,1
403,1,45,1,0,184,93501,35.097323,-118.171288,1,21,1,42.65,1.0,1,3.0,0.0,1.0,1.0,0.0,1.0,1.0,1.0,1.0,0,104.4,2157.95,0.0,0,895.65,3053.6,0,0,0,1,0,0,0,1,1,0,0,1,0,0,1,0,0
404,0,58,1,2,225,94060,37.22565,-122.297533,5,62,1,42.05,0.0,1,20.0,1.0,0.0,1.0,1.0,1.0,0.0,0.0,1.0,1,70.75,4263.45,0.0,0,2607.1,6870.55,0,0,0,0,0,0,1,0,0,1,0,1,0,0,0,0,1
405,1,32,0,0,5,95002,37.449537,-121.994813,0,7,1,9.25,1.0,1,29.0,0.0,0.0,1.0,0.0,1.0,1.0,1.0,1.0,1,98.05,713.0,0.0,0,64.75,777.75,0,0,0,0,1,0,0,1,1,0,0,1,0,0,1,0,0
406,1,34,0,0,215,92264,33.745746,-116.514215,0,29,1,10.06,0.0,1,25.0,0.0,0.0,1.0,0.0,0.0,0.0,0.0,1.0,0,48.95,1323.7,0.0,0,291.74,1615.44,0,0,1,0,0,0,1,0,1,0,0,1,0,0,0,0,1
407,1,43,1,3,275,93955,36.625114,-121.823565,7,53,1,31.86,1.0,1,56.0,0.0,0.0,1.0,1.0,1.0,1.0,1.0,1.0,1,78.75,3942.45,0.0,0,1688.58,5631.03,0,0,0,0,0,0,1,0,0,1,0,0,1,0,0,0,1
408,0,38,1,3,249,96084,40.923558,-122.059933,0,6,1,30.01,0.0,0,0.0,0.0,0.0,0.0,0.0,0.0,0.0,0.0,0.0,0,19.0,105.5,0.0,0,180.06,285.56,0,0,0,0,0,0,0,0,0,1,0,0,1,0,0,0,1
409,0,76,0,0,197,95959,39.333737,-120.858667,0,1,0,0.0,0.0,1,26.0,0.0,0.0,0.0,0.0,0.0,0.0,0.0,0.0,1,25.8,25.8,0.0,20,0.0,45.8,0,0,0,0,0,0,1,0,1,0,0,0,0,1,1,0,0
410,1,21,1,0,185,95462,38.471049,-123.015549,7,72,1,34.95,1.0,1,48.0,0.0,1.0,0.0,0.0,1.0,1.0,1.0,1.0,1,99.4,7285.7,0.0,0,2516.4,9802.1,0,0,0,0,0,0,0,1,0,0,1,1,0,0,0,0,1
411,1,80,1,0,192,92256,34.097863,-116.594561,4,34,1,29.66,0.0,1,29.0,0.0,0.0,1.0,0.0,1.0,0.0,0.0,1.0,1,85.2,2874.45,0.0,0,1008.44,3882.89,0,0,1,0,0,0,0,1,1,0,0,0,1,0,0,0,1
412,0,45,1,0,156,95240,38.123544,-121.159078,3,48,1,17.03,1.0,1,15.0,0.0,0.0,1.0,1.0,0.0,1.0,1.0,1.0,1,69.55,3435.6,0.0,0,817.44,4253.04,0,0,0,0,0,0,1,0,0,1,0,0,1,0,0,0,1
413,0,20,1,0,273,95405,38.439696,-122.668817,8,21,0,0.0,0.0,1,59.0,1.0,0.0,0.0,0.0,0.0,0.0,0.0,1.0,0,28.5,629.35,0.0,0,0.0,629.35,0,0,0,1,0,0,1,0,1,0,0,1,0,0,0,0,1
414,1,47,0,0,48,91709,33.942895,-117.725644,0,71,1,16.57,1.0,1,5.0,1.0,0.0,0.0,1.0,0.0,1.0,1.0,1.0,0,97.65,6687.85,0.0,0,1176.47,7864.32,0,0,0,0,0,0,0,1,0,1,0,0,1,0,0,0,1
415,0,42,0,0,49,93610,37.100948,-120.270136,0,1,1,28.18,0.0,0,0.0,0.0,0.0,0.0,0.0,0.0,0.0,0.0,0.0,1,20.25,20.25,0.0,0,28.18,48.43,0,0,0,0,1,0,0,0,1,0,0,0,1,0,0,1,0
416,1,26,0,0,227,92371,34.441123,-117.537886,0,1,1,30.09,0.0,0,0.0,0.0,0.0,0.0,0.0,0.0,0.0,0.0,0.0,0,20.45,20.45,0.0,0,30.09,50.54,0,0,0,0,0,0,0,0,1,0,0,0,1,0,0,1,0
417,1,78,1,0,81,95432,39.108252,-123.645121,9,32,1,43.54,1.0,1,3.0,0.0,1.0,1.0,0.0,0.0,1.0,0.0,1.0,1,93.5,2970.8,0.0,0,1393.28,4364.08,0,0,1,0,0,0,0,1,0,0,1,1,0,0,0,0,1
418,0,41,0,0,162,90065,34.108833,-118.229715,0,1,1,36.33,0.0,1,4.0,0.0,0.0,0.0,0.0,1.0,0.0,0.0,1.0,1,54.65,54.65,0.0,0,36.33,90.98,0,0,0,0,0,0,1,0,1,0,0,1,0,0,0,1,0
419,0,61,1,2,231,92870,33.881158,-117.854783,1,72,1,28.86,1.0,1,20.0,1.0,1.0,1.0,1.0,1.0,1.0,1.0,1.0,1,116.4,8543.25,0.0,0,2077.92,10621.17,1,0,0,0,0,0,0,1,0,0,1,0,1,0,0,0,1
420,0,33,0,0,243,94065,37.527497,-122.230941,0,53,1,12.92,1.0,1,19.0,0.0,1.0,1.0,0.0,1.0,1.0,1.0,1.0,0,105.55,5682.25,0.0,0,684.76,6367.01,0,1,0,0,0,0,0,1,0,0,1,1,0,0,0,0,1
421,0,73,1,0,28,95417,39.710591,-123.682799,1,1,1,37.3,0.0,1,8.0,0.0,0.0,0.0,0.0,0.0,0.0,0.0,1.0,1,69.25,69.25,0.0,0,37.3,106.55,0,0,0,0,0,0,0,1,1,0,0,1,0,0,1,0,0
422,1,62,1,0,323,95694,38.578604,-122.024579,1,15,1,40.7,1.0,1,29.0,0.0,0.0,1.0,0.0,1.0,1.0,1.0,1.0,1,101.1,1504.05,0.0,0,610.5,2114.55,0,0,0,0,0,0,0,1,1,0,0,1,0,0,1,0,0
423,0,40,1,0,70,91765,33.992416,-117.807874,7,21,1,14.81,0.0,1,25.0,0.0,0.0,0.0,1.0,1.0,0.0,0.0,1.0,1,86.05,1818.9,0.0,0,311.01,2129.91,0,0,0,0,0,0,0,1,1,0,0,1,0,0,0,0,1
424,1,42,1,0,213,92368,34.647959,-117.296957,1,1,1,12.04,0.0,1,5.0,1.0,0.0,0.0,0.0,1.0,1.0,1.0,1.0,1,95.0,95.0,0.0,0,12.04,107.04,0,0,0,0,0,1,0,0,1,0,0,1,0,0,1,0,0
425,0,74,0,0,30,90620,33.845706,-118.012204,0,2,1,9.86,0.0,1,21.0,0.0,0.0,0.0,0.0,0.0,0.0,0.0,1.0,0,70.75,154.85,0.0,0,19.72,174.57,0,0,0,0,1,0,0,1,1,0,0,1,0,0,1,0,0
426,1,24,1,0,245,94805,37.941456,-122.320968,1,65,1,26.75,1.0,1,51.0,1.0,1.0,1.0,0.0,0.0,1.0,1.0,1.0,0,72.45,4653.85,14.23,0,1738.75,6378.37,0,1,0,0,0,1,0,0,0,1,0,0,1,0,1,0,0
427,0,61,1,1,327,96097,41.764869,-122.671316,3,52,1,16.87,0.0,1,24.0,0.0,1.0,1.0,1.0,0.0,0.0,0.0,1.0,0,85.8,4433.3,0.0,0,877.24,5310.54,0,1,0,0,0,0,0,1,1,0,0,1,0,0,0,0,1
428,1,42,0,0,162,90066,34.002028,-118.430656,0,13,1,35.4,0.0,1,18.0,0.0,0.0,1.0,0.0,1.0,0.0,0.0,1.0,1,83.2,1060.6,0.0,0,460.2,1520.8,0,0,0,1,0,0,0,1,1,0,0,1,0,0,1,0,0
429,1,20,0,0,292,95203,37.954089,-121.329761,0,4,1,18.28,0.0,0,0.0,0.0,0.0,0.0,0.0,0.0,0.0,0.0,0.0,1,19.65,67.55,0.0,0,73.12,140.67,0,0,0,0,1,0,0,0,1,0,0,0,1,0,0,0,1
430,0,65,0,0,24,93606,36.798882,-120.019511,0,46,1,2.37,1.0,1,20.0,1.0,1.0,1.0,0.0,1.0,1.0,1.0,1.0,1,110.0,4874.8,0.0,0,109.02,4983.82,0,0,0,0,0,0,0,1,0,1,0,1,0,0,1,0,0
431,0,24,1,0,222,91103,34.167465,-118.165327,5,53,1,40.62,0.0,1,73.0,0.0,0.0,1.0,0.0,1.0,1.0,1.0,1.0,1,94.85,5000.2,18.55,0,2152.86,7134.51,0,0,0,0,0,0,0,1,0,1,0,1,0,0,1,0,0
432,0,41,0,0,83,95626,38.734997,-121.463719,0,40,1,16.73,1.0,1,14.0,0.0,0.0,1.0,1.0,1.0,1.0,1.0,1.0,1,105.95,4335.2,0.0,0,669.2,5004.4,0,1,0,0,0,0,0,1,0,1,0,0,1,0,0,0,1
433,1,64,0,1,202,91343,34.238802,-118.482296,0,23,1,8.4,0.0,1,27.0,0.0,1.0,0.0,1.0,0.0,0.0,0.0,0.0,0,54.15,1312.45,0.0,40,193.2,1545.65,0,0,0,0,0,1,0,0,1,0,0,1,0,0,0,0,1
434,1,19,0,0,162,90023,34.017697,-118.200577,0,4,1,6.91,1.0,1,53.0,0.0,0.0,0.0,0.0,0.0,1.0,1.0,1.0,1,85.65,338.9,0.0,0,27.64,366.54,0,0,0,0,0,0,0,1,1,0,0,1,0,0,1,0,0
435,0,45,1,0,316,91361,34.130992,-118.894673,1,57,0,0.0,0.0,1,22.0,1.0,1.0,1.0,0.0,1.0,1.0,1.0,1.0,1,58.75,3437.45,0.0,0,0.0,3437.45,0,1,0,0,0,1,0,0,1,0,0,1,0,0,0,0,1
436,1,45,0,0,268,93105,34.037342,-119.80079,0,9,1,32.31,0.0,1,24.0,1.0,0.0,1.0,1.0,0.0,1.0,1.0,1.0,1,68.25,576.95,0.0,0,290.79,867.74,0,0,0,0,1,1,0,0,1,0,0,1,0,0,0,0,1
437,0,64,1,0,256,92103,32.747484,-117.166877,1,61,1,10.94,0.0,0,0.0,0.0,0.0,0.0,0.0,0.0,0.0,0.0,0.0,0,20.25,1278.8,5.15,0,667.34,1940.99,0,0,0,0,0,0,0,0,0,0,1,0,1,0,0,0,1
438,0,79,0,0,177,95346,38.121601,-120.133915,0,70,1,47.27,1.0,1,3.0,0.0,1.0,1.0,1.0,1.0,0.0,0.0,1.0,1,75.5,5212.65,0.0,0,3308.9,8521.55,1,0,0,0,0,1,0,0,0,0,1,1,0,0,0,0,1
439,1,56,1,0,182,95035,37.441931,-121.878502,1,13,1,14.32,1.0,1,4.0,1.0,0.0,0.0,0.0,0.0,1.0,1.0,1.0,1,65.85,902.25,0.0,0,186.16,1088.41,0,0,0,1,0,0,1,0,1,0,0,1,0,0,0,0,1
440,0,32,0,0,314,90069,34.093781,-118.381061,0,34,1,45.28,1.0,1,27.0,0.0,0.0,0.0,1.0,1.0,0.0,0.0,1.0,0,65.0,2157.5,0.0,0,1539.52,3697.02,0,0,1,0,0,1,0,0,1,0,0,0,1,0,0,0,1
441,1,77,0,0,167,93637,36.902954,-120.194274,0,57,1,2.21,1.0,1,11.0,1.0,0.0,0.0,1.0,0.0,1.0,1.0,1.0,0,93.75,5625.55,0.0,0,125.97,5751.52,0,0,0,0,0,0,0,1,0,0,1,1,0,0,0,0,1
442,0,52,0,0,200,92860,33.925833,-117.559639,0,12,1,36.24,1.0,1,30.0,1.0,0.0,1.0,1.0,0.0,0.0,0.0,1.0,1,61.65,713.75,0.0,0,434.88,1148.63,0,0,0,1,0,0,1,0,1,0,0,0,0,1,1,0,0
443,0,45,0,0,118,94019,37.45567,-122.407992,0,7,1,39.02,0.0,1,25.0,0.0,0.0,1.0,1.0,1.0,1.0,1.0,1.0,1,100.4,715.0,0.0,0,273.14,988.14,0,0,0,0,0,0,0,1,1,0,0,1,0,0,0,0,1
444,0,68,0,0,64,95616,38.508735,-121.678813,0,4,1,26.23,1.0,1,29.0,0.0,0.0,0.0,0.0,0.0,0.0,0.0,1.0,1,74.9,321.75,0.0,0,104.92,426.67,0,0,0,0,0,0,0,1,1,0,0,1,0,0,1,0,0
445,0,73,1,0,91,92028,33.362575,-117.299644,1,1,1,31.27,1.0,1,11.0,0.0,0.0,0.0,0.0,0.0,0.0,0.0,0.0,1,74.45,74.45,0.0,10,31.27,115.72,0,0,0,0,0,0,0,1,1,0,0,1,0,0,1,0,0
446,0,67,0,0,72,95429,39.756049,-123.358701,0,45,0,0.0,0.0,1,4.0,0.0,0.0,0.0,0.0,0.0,1.0,0.0,0.0,0,34.2,1596.6,0.0,0,0.0,1596.6,0,1,0,0,0,1,0,0,0,1,0,1,0,0,0,0,1
447,0,29,0,0,170,95337,37.750822,-121.238423,0,36,1,44.7,1.0,1,59.0,1.0,0.0,1.0,1.0,1.0,1.0,1.0,1.0,1,89.65,3348.1,0.0,0,1609.2,4957.3,0,0,0,0,0,0,1,0,0,1,0,0,1,0,0,0,1
448,1,35,1,0,326,92398,35.013299,-116.834092,0,9,1,19.18,0.0,1,27.0,0.0,1.0,1.0,0.0,0.0,0.0,0.0,1.0,1,79.9,741.7,0.0,0,172.62,914.32,0,0,0,0,1,0,0,1,1,0,0,1,0,0,1,0,0
